CREATE DATABASE  IF NOT EXISTS `pia` /*!40100 DEFAULT CHARACTER SET utf8 */;
USE `pia`;
-- MySQL dump 10.13  Distrib 5.7.12, for Win32 (AMD64)
--
-- Host: localhost    Database: pia
-- ------------------------------------------------------
-- Server version	5.7.15-log

/*!40101 SET @OLD_CHARACTER_SET_CLIENT=@@CHARACTER_SET_CLIENT */;
/*!40101 SET @OLD_CHARACTER_SET_RESULTS=@@CHARACTER_SET_RESULTS */;
/*!40101 SET @OLD_COLLATION_CONNECTION=@@COLLATION_CONNECTION */;
/*!40101 SET NAMES utf8 */;
/*!40103 SET @OLD_TIME_ZONE=@@TIME_ZONE */;
/*!40103 SET TIME_ZONE='+00:00' */;
/*!40014 SET @OLD_UNIQUE_CHECKS=@@UNIQUE_CHECKS, UNIQUE_CHECKS=0 */;
/*!40014 SET @OLD_FOREIGN_KEY_CHECKS=@@FOREIGN_KEY_CHECKS, FOREIGN_KEY_CHECKS=0 */;
/*!40101 SET @OLD_SQL_MODE=@@SQL_MODE, SQL_MODE='NO_AUTO_VALUE_ON_ZERO' */;
/*!40111 SET @OLD_SQL_NOTES=@@SQL_NOTES, SQL_NOTES=0 */;

--
-- Table structure for table `piainfo`
--

DROP TABLE IF EXISTS `piainfo`;
/*!40101 SET @saved_cs_client     = @@character_set_client */;
/*!40101 SET character_set_client = utf8 */;
CREATE TABLE `piainfo` (
  `playDate` int(11) NOT NULL,
  `taiNo` int(11) NOT NULL,
  `bonusCount` int(11) DEFAULT NULL,
  `rate` int(11) DEFAULT NULL,
  `ballOutput` int(11) DEFAULT NULL,
  `kind` int(11) NOT NULL DEFAULT '1',
  `month` int(11) NOT NULL DEFAULT '0',
  PRIMARY KEY (`playDate`,`taiNo`)
) ENGINE=InnoDB DEFAULT CHARSET=utf8;
/*!40101 SET character_set_client = @saved_cs_client */;

--
-- Dumping data for table `piainfo`
--

LOCK TABLES `piainfo` WRITE;
/*!40000 ALTER TABLE `piainfo` DISABLE KEYS */;
INSERT INTO `piainfo` VALUES (20160903,557,14,121,4000,1,9),(20160903,558,9,150,1000,1,9),(20160903,559,21,89,21000,1,9),(20160903,560,33,74,36000,1,9),(20160903,561,6,134,0,1,9),(20160903,562,17,95,17000,1,9),(20160903,563,7,313,-18000,1,9),(20160903,564,9,255,-17000,1,9),(20160903,565,14,145,-6000,1,9),(20160903,566,5,261,-10000,1,9),(20160903,567,13,114,8000,1,9),(20160903,568,1,999,-30000,1,9),(20160903,569,1,964,-14000,1,9),(20160903,570,2,666,-18000,1,9),(20160903,571,10,191,-5000,1,9),(20160903,572,4,197,-7000,1,9),(20160903,573,1,569,-8000,1,9),(20160903,574,26,81,27000,1,9),(20160903,575,9,189,-6000,1,9),(20160903,576,8,122,4000,1,9),(20160903,577,7,296,-17000,1,9),(20160903,578,2,999,-42000,1,9),(20160903,579,15,195,-8000,1,9),(20160903,580,0,0,-8000,1,9),(20160903,581,18,113,13000,1,9),(20160903,582,7,115,7000,1,9),(20160903,583,0,0,-21000,1,9),(20160903,584,23,119,16000,1,9),(20160904,557,3,329,-8500,1,9),(20160904,558,5,189,-4000,1,9),(20160904,559,1,665,-8000,1,9),(20160904,560,11,115,9000,1,9),(20160904,561,2,407,-9000,1,9),(20160904,562,0,0,-16000,1,9),(20160904,563,15,158,-4000,1,9),(20160904,564,13,213,-14000,1,9),(20160904,565,5,265,-10000,1,9),(20160904,566,2,437,-10000,1,9),(20160904,567,6,252,-7000,1,9),(20160904,568,9,211,-10000,1,9),(20160904,569,13,127,6000,1,9),(20160904,570,20,105,-10000,1,9),(20160904,571,13,167,-3000,1,9),(20160904,572,0,0,-11000,1,9),(20160904,573,5,250,-10000,1,9),(20160904,574,8,149,3000,1,9),(20160904,575,10,128,5000,1,9),(20160904,576,20,103,9000,1,9),(20160904,577,1,438,-5000,1,9),(20160904,578,35,84,38000,1,9),(20160904,579,3,466,-13000,1,9),(20160904,580,2,374,-8000,1,9),(20160904,581,0,0,-18000,1,9),(20160904,582,0,0,-7000,1,9),(20160904,583,16,148,2000,1,9),(20160904,584,14,95,14000,1,9),(20160905,557,14,171,-7000,1,9),(20160905,558,5,300,-13000,1,9),(20160905,559,1,699,-8000,1,9),(20160905,560,5,261,-10000,1,9),(20160905,561,8,116,3000,1,9),(20160905,562,0,0,-6000,1,9),(20160905,563,58,71,80000,1,9),(20160905,564,37,95,36000,1,9),(20160905,565,0,0,-4000,1,9),(20160905,566,12,251,-10000,1,9),(20160905,567,0,0,-10000,1,9),(20160905,568,2,433,-10000,1,9),(20160905,569,18,131,6000,1,9),(20160905,570,1,308,-2000,1,9),(20160905,571,9,222,-10000,1,9),(20160905,572,6,279,-13000,1,9),(20160905,573,2,982,-28000,1,9),(20160905,574,0,0,-9000,1,9),(20160905,575,19,141,5000,1,9),(20160905,576,4,197,-2000,1,9),(20160905,577,9,162,-3000,1,9),(20160905,578,9,98,3000,1,9),(20160905,579,19,153,7000,1,9),(20160905,580,39,89,43000,1,9),(20160905,581,1,667,-9000,1,9),(20160905,582,13,172,-5000,1,9),(20160905,583,11,105,9000,1,9),(20160905,584,22,101,18000,1,9),(20160906,557,0,0,-12000,1,9),(20160906,558,10,162,-4000,1,9),(20160906,559,0,0,-4000,1,9),(20160906,560,28,91,23000,1,9),(20160906,561,0,0,-1000,1,9),(20160906,562,1,529,-7000,1,9),(20160906,563,15,231,-12000,1,9),(20160906,564,5,557,-26000,1,9),(20160906,565,0,0,-300,1,9),(20160906,566,22,166,4000,1,9),(20160906,567,0,0,-300,1,9),(20160906,568,6,249,-10000,1,9),(20160906,569,1,834,-11000,1,9),(20160906,570,5,247,-6000,1,9),(20160906,571,10,135,0,1,9),(20160906,572,11,128,3000,1,9),(20160906,573,1,445,-4500,1,9),(20160906,574,23,70,26000,1,9),(20160906,575,0,0,-3000,1,9),(20160906,576,0,0,0,1,9),(20160906,577,21,86,24000,1,9),(20160906,578,8,76,4000,1,9),(20160906,579,18,198,-1000,1,9),(20160906,580,24,151,12000,1,9),(20160906,581,0,0,-4000,1,9),(20160906,582,14,105,12000,1,9),(20160906,583,1,384,-3000,1,9),(20160906,584,1,788,-11000,1,9),(20160907,557,4,254,-8000,1,9),(20160907,558,17,74,23000,1,9),(20160907,559,2,438,-9000,1,9),(20160907,560,1,866,-12000,1,9),(20160907,561,0,0,-4000,1,9),(20160907,562,3,236,-6000,1,9),(20160907,563,3,991,-33000,1,9),(20160907,564,44,98,35500,1,9),(20160907,565,10,87,3500,1,9),(20160907,566,25,140,12000,1,9),(20160907,567,0,0,-300,1,9),(20160907,568,1,887,-11000,1,9),(20160907,569,5,170,0,1,9),(20160907,570,1,999,-24000,1,9),(20160907,571,17,125,5500,1,9),(20160907,572,0,0,-2000,1,9),(20160907,573,16,198,-9000,1,9),(20160907,574,0,0,-1000,1,9),(20160907,575,0,0,-11000,1,9),(20160907,576,2,664,-19000,1,9),(20160907,577,7,152,2000,1,9),(20160907,578,0,0,-3000,1,9),(20160907,579,43,76,36000,1,9),(20160907,580,0,0,-1000,1,9),(20160907,581,4,172,0,1,9),(20160907,582,3,378,-12000,1,9),(20160907,583,1,574,-8000,1,9),(20160907,584,20,119,16000,1,9),(20160908,557,5,208,-5000,1,9),(20160908,558,0,0,-10000,1,9),(20160908,559,2,301,-8000,1,9),(20160908,560,13,122,9500,1,9),(20160908,561,17,110,13000,1,9),(20160908,562,0,0,-4000,1,9),(20160908,563,29,132,16000,1,9),(20160908,564,15,206,-8000,1,9),(20160908,565,0,0,-2500,1,9),(20160908,566,10,147,-3500,1,9),(20160908,567,5,457,-21000,1,9),(20160908,568,17,120,10000,1,9),(20160908,569,0,0,-12000,1,9),(20160908,570,4,323,-12000,1,9),(20160908,571,16,97,15000,1,9),(20160908,572,0,0,-9000,1,9),(20160908,573,31,119,22000,1,9),(20160908,574,0,0,0,1,9),(20160908,575,9,141,6000,1,9),(20160908,576,13,153,-1000,1,9),(20160908,577,4,327,-11000,1,9),(20160908,578,0,0,-1000,1,9),(20160908,579,37,105,34000,1,9),(20160908,580,11,84,12000,1,9),(20160908,581,0,0,10000,1,9),(20160908,582,4,364,-15000,1,9),(20160908,583,6,196,-5000,1,9),(20160908,584,3,231,-7000,1,9),(20160909,557,19,129,8000,1,9),(20160909,558,0,0,-13000,1,9),(20160909,559,23,159,-1000,1,9),(20160909,560,2,372,-7000,1,9),(20160909,561,3,685,-21000,1,9),(20160909,562,0,0,-8000,1,9),(20160909,563,21,171,5000,1,9),(20160909,564,18,174,0,1,9),(20160909,565,10,170,-3000,1,9),(20160909,566,13,142,-3500,1,9),(20160909,567,23,128,15000,1,9),(20160909,568,12,185,-3000,1,9),(20160909,569,9,246,-10000,1,9),(20160909,570,2,890,-26000,1,9),(20160909,571,4,382,-18000,1,9),(20160909,572,14,525,-20000,1,9),(20160909,573,15,148,7000,1,9),(20160909,574,6,334,-20000,1,9),(20160909,575,2,643,-20000,1,9),(20160909,576,25,140,10000,1,9),(20160909,577,17,111,11000,1,9),(20160909,578,12,267,-13000,1,9),(20160909,579,14,159,4000,1,9),(20160909,580,24,124,14000,1,9),(20160909,581,19,93,17000,1,9),(20160909,582,15,112,10000,1,9),(20160909,583,33,117,27000,1,9),(20160909,584,7,148,-7000,1,9),(20160910,557,3,389,-11000,1,9),(20160910,558,9,166,-3000,1,9),(20160910,559,8,184,-2000,1,9),(20160910,560,1,999,-26000,1,9),(20160910,561,5,190,-2000,1,9),(20160910,562,1,999,-22000,1,9),(20160910,563,3,426,-13000,1,9),(20160910,564,39,103,33000,1,9),(20160910,565,1,317,-3500,1,9),(20160910,566,2,555,-12000,1,9),(20160910,567,1,311,-2500,1,9),(20160910,568,6,206,-5000,1,9),(20160910,569,21,163,8000,1,9),(20160910,570,6,295,-13000,1,9),(20160910,571,0,0,-3500,1,9),(20160910,572,19,186,2000,1,9),(20160910,573,7,248,-11000,1,9),(20160910,574,20,113,10000,1,9),(20160910,575,2,366,-5000,1,9),(20160910,576,10,173,-4000,1,9),(20160910,577,7,209,-8000,1,9),(20160910,578,26,105,15000,1,9),(20160910,579,20,89,18000,1,9),(20160910,580,9,152,0,1,9),(20160910,581,6,153,-2000,1,9),(20160910,582,5,315,-17000,1,9),(20160910,583,7,169,-3000,1,9),(20160910,584,18,128,10000,1,9),(20160911,557,24,126,15000,1,9),(20160911,558,24,120,14000,1,9),(20160911,559,27,99,26000,1,9),(20160911,560,31,126,18000,1,9),(20160911,561,22,171,8000,1,9),(20160911,562,18,184,0,1,9),(20160911,563,3,647,-26000,1,9),(20160911,564,31,132,12000,1,9),(20160911,565,0,0,-8000,1,9),(20160911,566,22,121,6000,1,9),(20160911,567,20,139,5000,1,9),(20160911,568,12,204,-7000,1,9),(20160911,569,34,114,30000,1,9),(20160911,570,10,242,-19000,1,9),(20160911,571,37,85,33000,1,9),(20160911,572,20,134,4000,1,9),(20160911,573,37,87,39000,1,9),(20160911,574,4,327,-13000,1,9),(20160911,575,26,156,10000,1,9),(20160911,576,2,588,-13000,1,9),(20160911,577,19,201,-5000,1,9),(20160911,578,16,134,0,1,9),(20160911,579,52,82,58000,1,9),(20160911,580,3,325,-8000,1,9),(20160911,581,3,357,-10000,1,9),(20160911,582,16,187,-3000,1,9),(20160911,583,20,141,-1000,1,9),(20160911,584,3,985,-30000,1,9),(20160912,557,2,570,-12000,1,9),(20160912,558,20,105,12000,1,9),(20160912,559,0,0,-2000,1,9),(20160912,560,14,226,-8000,1,9),(20160912,561,15,176,-2000,1,9),(20160912,562,31,116,26000,1,9),(20160912,563,0,0,-12000,1,9),(20160912,564,1,999,-30000,1,9),(20160912,565,5,198,-5000,1,9),(20160912,566,8,276,-16000,1,9),(20160912,567,1,977,-14000,1,9),(20160912,568,2,641,-17000,1,9),(20160912,569,11,160,-1000,1,9),(20160912,570,16,127,10000,1,9),(20160912,571,8,195,-6000,1,9),(20160912,572,44,73,45000,1,9),(20160912,573,9,173,-4000,1,9),(20160912,574,1,833,-12000,1,9),(20160912,575,21,132,9000,1,9),(20160912,576,7,174,3000,1,9),(20160912,577,46,79,60000,1,9),(20160912,578,24,80,26000,1,9),(20160912,579,0,0,-6000,1,9),(20160912,580,15,165,-6000,1,9),(20160912,581,1,381,-6000,1,9),(20160912,582,15,195,-4000,1,9),(20160912,583,0,0,-2000,1,9),(20160912,584,33,99,36000,1,9),(20160913,557,0,0,-6000,1,9),(20160913,558,6,122,0,1,9),(20160913,559,0,0,-2000,1,9),(20160913,560,15,207,-7000,1,9),(20160913,561,19,62,27000,1,9),(20160913,562,0,0,-7000,1,9),(20160913,563,22,123,8000,1,9),(20160913,564,18,112,14000,1,9),(20160913,565,2,276,-4000,1,9),(20160913,566,8,148,2500,1,9),(20160913,567,0,0,-5000,1,9),(20160913,568,26,153,17000,1,9),(20160913,569,1,240,-1000,1,9),(20160913,570,17,132,0,1,9),(20160913,571,5,344,-18000,1,9),(20160913,572,6,196,-3000,1,9),(20160913,573,10,112,3000,1,9),(20160913,574,0,0,-19000,1,9),(20160913,575,23,79,26000,1,9),(20160913,576,20,103,10000,1,9),(20160913,577,7,78,7000,1,9),(20160913,578,4,303,-10000,1,9),(20160913,579,3,277,-4000,1,9),(20160913,580,4,230,-7000,1,9),(20160913,581,0,0,-4000,1,9),(20160913,582,12,264,-19000,1,9),(20160913,583,0,0,-3000,1,9),(20160913,584,11,113,6000,1,9),(20160914,557,6,233,-13000,1,9),(20160914,558,7,90,4000,1,9),(20160914,559,11,84,11000,1,9),(20160914,560,14,127,6000,1,9),(20160914,561,9,91,9000,1,9),(20160914,562,0,0,-1000,1,9),(20160914,563,7,134,5000,1,9),(20160914,564,6,207,-7000,1,9),(20160914,565,1,311,-2000,1,9),(20160914,566,9,190,-3000,1,9),(20160914,567,5,106,3000,1,9),(20160914,568,1,674,-8000,1,9),(20160914,569,0,0,-2000,1,9),(20160914,570,19,111,14000,1,9),(20160914,571,12,192,-14000,1,9),(20160914,572,0,0,-1000,1,9),(20160914,573,0,0,-1000,1,9),(20160914,574,15,110,6000,1,9),(20160914,575,4,203,-7000,1,9),(20160914,576,0,0,-5000,1,9),(20160914,577,0,0,-8000,1,9),(20160914,578,11,131,7000,1,9),(20160914,579,18,68,20000,1,9),(20160914,580,0,0,-1000,1,9),(20160914,581,0,0,-1000,1,9),(20160914,582,8,197,-10000,1,9),(20160914,583,3,242,-5000,1,9),(20160914,584,14,96,15000,1,9),(20160915,557,3,566,-21000,1,9),(20160915,558,0,0,-8000,1,9),(20160915,559,3,252,-4000,1,9),(20160915,560,1,570,-7000,1,9),(20160915,561,1,817,-11000,1,9),(20160915,562,15,73,17000,1,9),(20160915,563,8,320,-26000,1,9),(20160915,564,3,215,-5000,1,9),(20160915,565,2,441,-10000,1,9),(20160915,566,7,185,-2000,1,9),(20160915,567,3,313,-9000,1,9),(20160915,568,17,113,10000,1,9),(20160915,569,2,338,-9000,1,9),(20160915,570,13,150,0,1,9),(20160915,571,6,323,-18000,1,9),(20160915,572,0,0,-4000,1,9),(20160915,573,6,249,-10000,1,9),(20160915,574,13,111,10000,1,9),(20160915,575,1,722,-10000,1,9),(20160915,576,1,418,-5000,1,9),(20160915,577,24,88,24000,1,9),(20160915,578,0,0,-17000,1,9),(20160915,579,0,0,-5000,1,9),(20160915,580,0,0,-16000,1,9),(20160915,581,5,158,-3000,1,9),(20160915,582,16,159,-7000,1,9),(20160915,583,5,173,-2000,1,9),(20160915,584,3,503,-17000,1,9),(20160916,557,0,0,-20000,1,9),(20160916,558,30,118,30000,1,9),(20160916,559,2,229,-3000,1,9),(20160916,560,0,0,-2000,1,9),(20160916,561,61,69,76000,1,9),(20160916,562,0,0,-3000,1,9),(20160916,563,5,310,-17000,1,9),(20160916,564,13,163,0,1,9),(20160916,565,15,105,10000,1,9),(20160916,566,6,182,-4000,1,9),(20160916,567,6,253,-13000,1,9),(20160916,568,6,187,-7000,1,9),(20160916,569,21,96,21000,1,9),(20160916,570,10,126,-1000,1,9),(20160916,571,20,115,8000,1,9),(20160916,572,0,0,-9000,1,9),(20160916,573,5,283,-12000,1,9),(20160916,574,9,96,7000,1,9),(20160916,575,0,0,-18000,1,9),(20160916,576,8,181,-2000,1,9),(20160916,577,14,211,-16000,1,9),(20160916,578,3,650,-24000,1,9),(20160916,579,1,793,-11000,1,9),(20160916,580,3,236,-6000,1,9),(20160916,581,20,89,17000,1,9),(20160916,582,5,257,-10000,1,9),(20160916,583,0,0,-12000,1,9),(20160916,584,9,156,-3000,1,9),(20160917,557,1,856,-13000,1,9),(20160917,558,0,0,-4000,1,9),(20160917,559,0,0,-3000,1,9),(20160917,560,19,114,12000,1,9),(20160917,561,0,0,-5000,1,9),(20160917,562,1,999,-14000,1,9),(20160917,563,6,202,-6000,1,9),(20160917,564,2,687,-20000,1,9),(20160917,565,3,229,-3000,1,9),(20160917,566,0,0,-17000,1,9),(20160917,567,0,0,-3000,1,9),(20160917,568,30,126,10000,1,9),(20160917,569,0,0,-1000,1,9),(20160917,570,1,999,-30000,1,9),(20160917,571,1,94,-1300,1,9),(20160917,572,0,0,-6000,1,9),(20160917,573,10,193,-6000,1,9),(20160917,574,0,0,-5000,1,9),(20160917,575,15,177,-9000,1,9),(20160917,576,1,387,-4000,1,9),(20160917,577,0,0,-18000,1,9),(20160917,578,1,999,-21000,1,9),(20160917,579,1,690,-9000,1,9),(20160917,580,0,0,-10000,1,9),(20160917,581,4,115,3000,1,9),(20160917,582,2,637,-17000,1,9),(20160917,583,4,214,-4000,1,9),(20160917,584,10,92,8000,1,9),(20160918,557,24,144,5000,1,9),(20160918,558,0,0,-4000,1,9),(20160918,559,10,147,1500,1,9),(20160918,560,1,702,-10000,1,9),(20160918,561,37,64,52000,1,9),(20160918,562,1,568,-7000,1,9),(20160918,563,1,999,-24000,1,9),(20160918,564,1,999,-15000,1,9),(20160918,565,22,138,10000,1,9),(20160918,566,6,299,-20000,1,9),(20160918,567,1,635,-9000,1,9),(20160918,568,31,92,30000,1,9),(20160918,569,8,94,9000,1,9),(20160918,570,9,194,-6000,1,9),(20160918,571,20,102,15000,1,9),(20160918,572,6,207,-9000,1,9),(20160918,573,6,225,-7000,1,9),(20160918,574,2,421,-11000,1,9),(20160918,575,11,111,7000,1,9),(20160918,576,33,86,32000,1,9),(20160918,577,6,318,-15000,1,9),(20160918,578,14,115,6000,1,9),(20160918,579,14,171,-7000,1,9),(20160918,580,6,176,-4000,1,9),(20160918,581,0,0,-10000,1,9),(20160918,582,3,379,-13000,1,9),(20160918,583,14,201,13000,1,9),(20160918,584,6,244,-11000,1,9),(20160919,557,53,79,65000,1,9),(20160919,558,3,280,-11000,1,9),(20160919,559,0,0,-9000,1,9),(20160919,560,15,153,2000,1,9),(20160919,561,1,439,-4000,1,9),(20160919,562,6,258,-13000,1,9),(20160919,563,4,336,-13000,1,9),(20160919,564,2,639,-16000,1,9),(20160919,565,6,219,-8000,1,9),(20160919,566,21,99,14000,1,9),(20160919,567,2,999,-34000,1,9),(20160919,568,21,108,17000,1,9),(20160919,569,8,278,-19000,1,9),(20160919,570,8,203,-10000,1,9),(20160919,571,14,198,-10000,1,9),(20160919,572,22,88,22000,1,9),(20160919,573,0,0,-15000,1,9),(20160919,574,0,0,-18000,1,9),(20160919,575,15,97,12000,1,9),(20160919,576,12,108,6500,1,9),(20160919,577,1,999,-16500,1,9),(20160919,578,9,159,-1000,1,9),(20160919,579,0,0,-10000,1,9),(20160919,580,11,94,10000,1,9),(20160919,581,0,0,-12000,1,9),(20160919,582,23,109,11000,1,9),(20160919,583,0,0,-1500,1,9),(20160919,584,34,77,38500,1,9),(20160920,557,1,367,-3000,1,9),(20160920,558,7,237,-6000,1,9),(20160920,559,1,389,-4000,1,9),(20160920,560,1,459,-5000,1,9),(20160920,561,1,659,-9000,1,9),(20160920,562,0,0,-8000,1,9),(20160920,563,17,164,2000,1,9),(20160920,564,18,162,1500,1,9),(20160920,565,0,0,-500,1,9),(20160920,566,0,0,-1000,1,9),(20160920,567,1,999,-22000,1,9),(20160920,568,13,70,16000,1,9),(20160920,569,1,516,-5500,1,9),(20160920,570,9,203,-7000,1,9),(20160920,571,25,89,18000,1,9),(20160920,572,0,0,0,1,9),(20160920,573,39,93,41000,1,9),(20160920,574,14,139,5000,1,9),(20160920,575,0,0,-250,1,9),(20160920,576,3,225,-2000,1,9),(20160920,577,24,90,26000,1,9),(20160920,578,0,0,-16000,1,9),(20160920,579,0,0,-3000,1,9),(20160920,580,2,615,-16000,1,9),(20160920,581,19,95,16000,1,9),(20160920,582,0,0,-6000,1,9),(20160920,583,9,163,-5000,1,9),(20160920,584,1,577,-7000,1,9),(20160921,557,2,491,-11000,1,9),(20160921,558,6,112,7000,1,9),(20160921,559,52,75,70000,1,9),(20160921,560,11,86,6500,1,9),(20160921,561,1,471,-5000,1,9),(20160921,562,18,197,-2000,1,9),(20160921,563,0,0,-7000,1,9),(20160921,564,9,110,6000,1,9),(20160921,565,29,121,18000,1,9),(20160921,566,1,401,-4000,1,9),(20160921,567,53,75,58000,1,9),(20160921,568,10,99,6000,1,9),(20160921,569,11,165,-8000,1,9),(20160921,570,22,104,12000,1,9),(20160921,571,1,999,-25000,1,9),(20160921,572,24,100,11500,1,9),(20160921,573,0,0,-2500,1,9),(20160921,574,12,268,-21000,1,9),(20160921,575,4,235,-5000,1,9),(20160921,576,45,75,54000,1,9),(20160921,577,14,133,1000,1,9),(20160921,578,12,255,-14000,1,9),(20160921,579,17,221,-7500,1,9),(20160921,580,13,145,-1000,1,9),(20160921,581,8,203,-5500,1,9),(20160921,582,4,349,-11000,1,9),(20160921,583,7,397,-30000,1,9),(20160921,584,12,204,-13000,1,9),(20160922,557,10,193,-9000,1,9),(20160922,558,17,101,10000,1,9),(20160922,559,3,531,-16000,1,9),(20160922,560,2,671,-17500,1,9),(20160922,561,26,143,13000,1,9),(20160922,562,11,299,-15000,1,9),(20160922,563,31,101,20000,1,9),(20160922,564,25,120,15000,1,9),(20160922,565,12,216,-8000,1,9),(20160922,566,28,116,16000,1,9),(20160922,567,10,171,-5000,1,9),(20160922,568,13,154,-4000,1,9),(20160922,569,33,74,37000,1,9),(20160922,570,21,129,8000,1,9),(20160922,571,26,103,16000,1,9),(20160922,572,4,388,-15000,1,9),(20160922,573,30,117,16000,1,9),(20160922,574,9,227,-6500,1,9),(20160922,575,33,130,19000,1,9),(20160922,576,18,99,18000,1,9),(20160922,577,16,173,-2000,1,9),(20160922,578,17,194,-1000,1,9),(20160922,579,7,444,-25000,1,9),(20160922,580,5,343,-16000,1,9),(20160922,581,21,123,10000,1,9),(20160922,582,18,161,-1500,1,9),(20160922,583,17,162,-2000,1,9),(20160922,584,3,595,-21000,1,9),(20160923,557,2,859,-25000,1,9),(20160923,558,16,79,20000,1,9),(20160923,559,13,257,-16000,1,9),(20160923,560,21,134,6500,1,9),(20160923,561,0,0,-8000,1,9),(20160923,562,36,110,32000,1,9),(20160923,563,12,88,12000,1,9),(20160923,564,1,999,-18000,1,9),(20160923,565,20,139,10000,1,9),(20160923,566,5,172,-3000,1,9),(20160923,567,19,132,10000,1,9),(20160923,568,4,499,-22000,1,9),(20160923,569,26,98,16000,1,9),(20160923,570,2,999,-31000,1,9),(20160923,571,4,324,-14000,1,9),(20160923,572,21,135,-1000,1,9),(20160923,573,1,805,-11500,1,9),(20160923,574,23,200,-6500,1,9),(20160923,575,15,144,-1500,1,9),(20160923,576,0,0,-25000,1,9),(20160923,577,8,253,-15000,1,9),(20160923,578,14,239,-11000,1,9),(20160923,579,4,486,-20500,1,9),(20160923,580,37,79,42000,1,9),(20160923,581,4,155,0,1,9),(20160923,582,14,218,-10000,1,9),(20160923,583,36,85,40000,1,9),(20160923,584,24,129,4500,1,9),(20160924,557,24,118,13000,1,9),(20160924,558,0,0,-3000,1,9),(20160924,559,41,76,53000,1,9),(20160924,560,6,106,2500,1,9),(20160924,561,24,184,25000,1,9),(20160924,562,0,0,-10000,1,9),(20160924,563,14,209,-12000,1,9),(20160924,564,6,225,-9000,1,9),(20160924,565,6,134,0,1,9),(20160924,566,26,121,9000,1,9),(20160924,567,2,328,-7000,1,9),(20160924,568,9,261,-20000,1,9),(20160924,569,1,630,-8000,1,9),(20160924,570,10,180,-10000,1,9),(20160924,571,32,106,26000,1,9),(20160924,572,4,247,-7000,1,9),(20160924,573,7,168,0,1,9),(20160924,574,28,106,21500,1,9),(20160924,575,0,0,-3000,1,9),(20160924,576,7,312,-20000,1,9),(20160924,577,2,914,-27000,1,9),(20160924,578,26,93,18500,1,9),(20160924,579,11,264,-20000,1,9),(20160924,580,0,0,-16000,1,9),(20160924,581,3,378,-10000,1,9),(20160924,582,29,115,22000,1,9),(20160924,583,1,954,-14000,1,9),(20160924,584,9,205,-7500,1,9),(20160925,557,10,128,0,1,9),(20160925,558,11,98,11000,1,9),(20160925,559,16,101,10000,1,9),(20160925,560,4,309,-10000,1,9),(20160925,561,18,99,12000,1,9),(20160925,562,1,549,-7000,1,9),(20160925,563,5,329,-12000,1,9),(20160925,564,19,88,20000,1,9),(20160925,565,7,231,-11000,1,9),(20160925,566,11,174,-2000,1,9),(20160925,567,10,92,10000,1,9),(20160925,568,1,999,-15500,1,9),(20160925,569,19,97,16000,1,9),(20160925,570,4,358,-14000,1,9),(20160925,571,17,129,9500,1,9),(20160925,572,0,0,-19000,1,9),(20160925,573,7,168,0,1,9),(20160925,574,8,177,-2000,1,9),(20160925,575,17,103,17000,1,9),(20160925,576,0,0,-24000,1,9),(20160925,577,5,290,-10000,1,9),(20160925,578,7,209,-6000,1,9),(20160925,579,7,234,-8500,1,9),(20160925,580,4,562,-30000,1,9),(20160925,581,0,0,-9500,1,9),(20160925,582,11,97,10000,1,9),(20160925,583,3,272,-9000,1,9),(20160925,584,5,249,-9000,1,9),(20160926,557,6,172,-1500,1,9),(20160926,558,25,99,13000,1,9),(20160926,559,11,121,5000,1,9),(20160926,560,1,921,-13000,1,9),(20160926,561,7,170,-6000,1,9),(20160926,562,24,144,9500,1,9),(20160926,563,1,999,-18000,1,9),(20160926,564,25,111,7000,1,9),(20160926,565,6,201,-6500,1,9),(20160926,566,7,190,-2500,1,9),(20160926,567,3,306,-8000,1,9),(20160926,568,13,244,-11000,1,9),(20160926,569,15,117,7000,1,9),(20160926,570,9,115,3000,1,9),(20160926,571,9,74,11000,1,9),(20160926,572,10,332,-21000,1,9),(20160926,573,2,391,-9000,1,9),(20160926,574,11,129,2500,1,9),(20160926,575,13,145,-1500,1,9),(20160926,576,0,0,-8000,1,9),(20160926,577,25,151,11000,1,9),(20160926,578,0,0,-8000,1,9),(20160926,579,10,118,3500,1,9),(20160926,580,14,253,-15000,1,9),(20160926,581,2,302,-5000,1,9),(20160926,582,0,0,-9500,1,9),(20160926,583,1,999,-18000,1,9),(20160926,584,22,91,18000,1,9),(20160927,557,35,96,31500,1,9),(20160927,558,0,0,-4000,1,9),(20160927,559,0,0,-15000,1,9),(20160927,560,16,123,10000,1,9),(20160927,561,0,0,-19000,1,9),(20160927,562,25,156,9000,1,9),(20160927,563,3,362,-10000,1,9),(20160927,564,9,254,-20000,1,9),(20160927,565,6,236,-7000,1,9),(20160927,566,1,999,-21000,1,9),(20160927,567,3,582,-22000,1,9),(20160927,568,15,261,-14000,1,9),(20160927,569,14,90,15000,1,9),(20160927,570,12,208,-14000,1,9),(20160927,571,5,274,-11000,1,9),(20160927,572,28,153,10000,1,9),(20160927,573,0,0,-5000,1,9),(20160927,574,21,123,11500,1,9),(20160927,575,8,241,-10000,1,9),(20160927,576,12,100,7000,1,9),(20160927,577,26,146,10500,1,9),(20160927,578,9,228,-11000,1,9),(20160927,579,7,111,2000,1,9),(20160927,580,26,138,16000,1,9),(20160927,581,28,72,37000,1,9),(20160927,582,1,999,-15000,1,9),(20160927,583,2,672,-18000,1,9),(20160927,584,11,178,-3500,1,9),(20160928,557,36,86,34000,1,9),(20160928,558,0,0,-11500,1,9),(20160928,559,1,656,-8500,1,9),(20160928,560,0,0,-8500,1,9),(20160928,561,4,741,-30000,1,9),(20160928,562,11,108,9500,1,9),(20160928,563,17,149,-3000,1,9),(20160928,564,4,366,-13000,1,9),(20160928,565,24,125,12500,1,9),(20160928,566,5,317,-20000,1,9),(20160928,567,6,166,-3000,1,9),(20160928,568,20,169,7500,1,9),(20160928,569,3,169,0,1,9),(20160928,570,12,225,-16000,1,9),(20160928,571,3,461,-18000,1,9),(20160928,572,22,174,5500,1,9),(20160928,573,22,102,18500,1,9),(20160928,574,3,261,-5500,1,9),(20160928,575,22,124,11500,1,9),(20160928,576,2,562,-15000,1,9),(20160928,577,0,0,-17000,1,9),(20160928,578,3,377,-13000,1,9),(20160928,579,17,132,4500,1,9),(20160928,580,24,137,15000,1,9),(20160928,581,0,0,-1500,1,9),(20160928,582,64,73,85000,1,9),(20160928,583,23,148,7000,1,9),(20160928,584,22,109,17000,1,9),(20160929,557,20,115,11000,1,9),(20160929,558,6,181,-3000,1,9),(20160929,559,35,66,45000,1,9),(20160929,560,0,0,-11000,1,9),(20160929,561,5,358,-11000,1,9),(20160929,562,17,159,-1000,1,9),(20160929,563,7,215,-8000,1,9),(20160929,564,1,999,-21000,1,9),(20160929,565,0,0,-8000,1,9),(20160929,566,26,95,23000,1,9),(20160929,567,0,0,-500,1,9),(20160929,568,21,171,8000,1,9),(20160929,569,0,0,-500,1,9),(20160929,570,38,93,38000,1,9),(20160929,571,18,98,13000,1,9),(20160929,572,8,417,-25000,1,9),(20160929,573,5,120,2000,1,9),(20160929,574,17,133,2500,1,9),(20160929,575,12,154,0,1,9),(20160929,576,2,737,-24000,1,9),(20160929,577,14,141,3000,1,9),(20160929,578,5,238,-1000,1,9),(20160929,579,8,110,3000,1,9),(20160929,580,38,112,31000,1,9),(20160929,581,0,0,-500,1,9),(20160929,582,0,0,-3000,1,9),(20160929,583,28,142,16000,1,9),(20160929,584,6,185,-3000,1,9),(20160930,557,1,453,-5000,1,9),(20160930,558,12,147,-9000,1,9),(20160930,559,0,0,-500,1,9),(20160930,560,26,104,21000,1,9),(20160930,561,4,274,-8000,1,9),(20160930,562,17,82,21000,1,9),(20160930,563,5,359,-18000,1,9),(20160930,564,26,102,22000,1,9),(20160930,565,0,0,-12000,1,9),(20160930,566,0,0,-9000,1,9),(20160930,567,1,822,-13000,1,9),(20160930,568,1,783,-9000,1,9),(20160930,569,1,999,-28000,1,9),(20160930,570,0,0,-9000,1,9),(20160930,571,19,94,13000,1,9),(20160930,572,12,117,9000,1,9),(20160930,573,9,111,5000,1,9),(20160930,574,25,82,20000,1,9),(20160930,575,0,0,-2500,1,9),(20160930,576,7,216,-9000,1,9),(20160930,577,29,73,36000,1,9),(20160930,578,3,510,-20000,1,9),(20160930,579,1,892,-11000,1,9),(20160930,580,0,0,-500,1,9),(20160930,581,0,0,-11000,1,9),(20160930,582,6,147,3000,1,9),(20160930,583,15,95,14000,1,9),(20160930,584,7,124,1000,1,9),(20161001,557,4,394,-26000,1,10),(20161001,558,5,225,-7000,1,10),(20161001,559,7,193,-4000,1,10),(20161001,560,0,0,-10000,1,10),(20161001,561,1,999,-19000,1,10),(20161001,562,4,292,-11000,1,10),(20161001,563,9,204,-9000,1,10),(20161001,564,4,319,-12000,1,10),(20161001,565,2,642,-20000,1,10),(20161001,566,26,81,31500,1,10),(20161001,567,17,76,14000,1,10),(20161001,568,3,479,-15000,1,10),(20161001,569,0,0,-21000,1,10),(20161001,570,58,70,70000,1,10),(20161001,571,10,204,-5000,1,10),(20161001,572,45,93,46000,1,10),(20161001,573,0,0,-9000,1,10),(20161001,574,0,0,-5000,1,10),(20161001,575,33,91,30000,1,10),(20161001,576,14,126,7000,1,10),(20161001,577,5,439,-26000,1,10),(20161001,578,11,153,-3000,1,10),(20161001,579,6,351,-22000,1,10),(20161001,580,14,127,7000,1,10),(20161001,581,21,132,10000,1,10),(20161001,582,18,163,-3000,1,10),(20161001,583,0,0,-4000,1,10),(20161001,584,2,848,-24000,1,10),(20161002,557,3,444,-15000,1,10),(20161002,558,4,232,-9000,1,10),(20161002,559,3,382,-10000,1,10),(20161002,560,11,123,8000,1,10),(20161002,561,38,88,41000,1,10),(20161002,562,4,207,-3000,1,10),(20161002,563,19,122,6000,1,10),(20161002,564,1,869,-12000,1,10),(20161002,565,21,95,20000,1,10),(20161002,566,11,122,6000,1,10),(20161002,567,10,151,-7000,1,10),(20161002,568,0,0,-25000,1,10),(20161002,569,6,348,-18000,1,10),(20161002,570,5,248,-9000,1,10),(20161002,571,7,410,-33000,1,10),(20161002,572,19,127,7000,1,10),(20161002,573,12,122,7000,1,10),(20161002,574,5,310,-13000,1,10),(20161002,575,4,274,-9000,1,10),(20161002,576,20,88,11000,1,10),(20161002,577,5,451,-27000,1,10),(20161002,578,10,127,7000,1,10),(20161002,579,4,275,-10000,1,10),(20161002,580,15,158,0,1,10),(20161002,581,5,239,-9000,1,10),(20161002,582,10,175,-4000,1,10),(20161002,583,13,143,3000,1,10),(20161002,584,10,252,-14000,1,10),(20161003,557,1,569,-8000,1,10),(20161003,558,17,184,0,1,10),(20161003,559,0,0,-8000,1,10),(20161003,560,2,465,-10000,1,10),(20161003,561,0,0,-19000,1,10),(20161003,562,7,158,-2000,1,10),(20161003,563,18,159,6000,1,10),(20161003,564,26,101,20000,1,10),(20161003,565,17,98,11000,1,10),(20161003,566,6,236,-8000,1,10),(20161003,567,2,344,-7000,1,10),(20161003,568,21,154,5000,1,10),(20161003,569,8,184,-5000,1,10),(20161003,570,3,519,-20000,1,10),(20161003,571,4,479,-25000,1,10),(20161003,572,1,714,-9000,1,10),(20161003,573,1,763,-10000,1,10),(20161003,574,7,293,-12000,1,10),(20161003,575,4,217,-4000,1,10),(20161003,576,0,0,-2000,1,10),(20161003,577,22,142,13000,1,10),(20161003,578,2,400,-9000,1,10),(20161003,579,37,88,30000,1,10),(20161003,580,15,128,9000,1,10),(20161003,581,0,0,-9000,1,10),(20161003,582,5,228,-5000,1,10),(20161003,583,2,790,-20000,1,10),(20161003,584,0,0,-22000,1,10),(20161004,557,0,0,-15000,1,10),(20161004,558,17,162,3000,1,10),(20161004,559,8,129,0,1,10),(20161004,560,26,123,9000,1,10),(20161004,561,0,0,-4000,1,10),(20161004,562,0,0,-14000,1,10),(20161004,563,23,167,7000,1,10),(20161004,564,16,139,5000,1,10),(20161004,565,13,113,10000,1,10),(20161004,566,15,158,0,1,10),(20161004,567,21,101,20000,1,10),(20161004,568,12,297,-20000,1,10),(20161004,569,7,125,0,1,10),(20161004,570,12,179,-9000,1,10),(20161004,571,30,84,30000,1,10),(20161004,572,25,104,23000,1,10),(20161004,573,0,0,-10000,1,10),(20161004,574,11,167,0,1,10),(20161004,575,20,74,20000,1,10),(20161004,576,1,440,-4000,1,10),(20161004,577,32,127,19000,1,10),(20161004,578,21,107,13000,1,10),(20161004,579,36,113,29000,1,10),(20161004,580,17,145,4000,1,10),(20161004,581,18,81,18000,1,10),(20161004,582,0,0,-1000,1,10),(20161004,583,2,607,-15000,1,10),(20161004,584,14,160,-10000,1,10),(20161005,557,3,301,-8000,1,10),(20161005,558,7,456,-26000,1,10),(20161005,559,0,0,-5000,1,10),(20161005,560,15,116,4000,1,10),(20161005,561,38,70,47000,1,10),(20161005,562,2,347,-10000,1,10),(20161005,563,8,213,-8000,1,10),(20161005,564,1,470,-6000,1,10),(20161005,565,9,133,-3000,1,10),(20161005,566,9,161,-3000,1,10),(20161005,567,0,0,-500,1,10),(20161005,568,34,123,31000,1,10),(20161005,569,0,0,-4000,1,10),(20161005,570,15,127,8000,1,10),(20161005,571,0,0,-10000,1,10),(20161005,572,8,129,0,1,10),(20161005,573,0,0,-8000,1,10),(20161005,574,9,304,-18000,1,10),(20161005,575,5,104,5000,1,10),(20161005,576,2,416,-9000,1,10),(20161005,577,20,102,18000,1,10),(20161005,578,2,879,-25000,1,10),(20161005,579,0,0,-2000,1,10),(20161005,580,27,116,-20000,1,10),(20161005,581,0,0,-5000,1,10),(20161005,582,23,97,20000,1,10),(20161005,583,8,195,-5000,1,10),(20161005,584,12,187,-6000,1,10),(20161006,557,30,90,30000,1,10),(20161006,558,9,240,-9000,1,10),(20161006,559,1,275,-3000,1,10),(20161006,560,3,423,-14000,1,10),(20161006,561,23,79,28000,1,10),(20161006,562,3,271,-7000,1,10),(20161006,563,18,117,10000,1,10),(20161006,564,1,999,-18000,1,10),(20161006,565,0,0,-5000,1,10),(20161006,566,21,123,15000,1,10),(20161006,567,0,0,-500,1,10),(20161006,568,37,117,32000,1,10),(20161006,569,0,0,-1000,1,10),(20161006,570,26,62,31000,1,10),(20161006,571,12,191,-12000,1,10),(20161006,572,12,100,8000,1,10),(20161006,573,0,0,-500,1,10),(20161006,574,6,501,-25000,1,10),(20161006,575,0,0,-500,1,10),(20161006,576,18,124,7000,1,10),(20161006,577,7,119,6000,1,10),(20161006,578,6,226,-9000,1,10),(20161006,579,0,0,-7000,1,10),(20161006,580,6,144,0,1,10),(20161006,581,20,72,22000,1,10),(20161006,582,2,448,10000,1,10),(20161006,583,0,0,-4000,1,10),(20161006,584,10,127,7000,1,10),(20161007,557,21,76,25000,1,10),(20161007,558,13,221,-9000,1,10),(20161007,559,1,485,-5000,1,10),(20161007,560,9,120,5000,1,10),(20161007,561,4,247,-7000,1,10),(20161007,562,9,190,-5000,1,10),(20161007,563,11,182,-6000,1,10),(20161007,564,7,226,-10000,1,10),(20161007,565,13,71,17000,1,10),(20161007,566,12,184,-5000,1,10),(20161007,567,0,0,-4000,1,10),(20161007,568,19,144,2000,1,10),(20161007,569,28,134,18000,1,10),(20161007,570,0,0,-6000,1,10),(20161007,571,4,400,-17000,1,10),(20161007,572,1,999,-22000,1,10),(20161007,573,11,104,9000,1,10),(20161007,574,9,370,-26000,1,10),(20161007,575,0,0,-7000,1,10),(20161007,576,6,221,-9000,1,10),(20161007,577,21,106,20000,1,10),(20161007,578,16,172,-4000,1,10),(20161007,579,19,104,12500,1,10),(20161007,580,0,0,-5000,1,10),(20161007,581,2,746,-21000,1,10),(20161007,582,0,0,-11000,1,10),(20161007,583,16,154,-5000,1,10),(20161007,584,2,849,-23000,1,10),(20161008,557,2,206,-5000,1,10),(20161008,558,9,137,4000,1,10),(20161008,559,17,107,15000,1,10),(20161008,560,0,0,-3000,1,10),(20161008,561,27,72,32000,1,10),(20161008,562,6,84,9000,1,10),(20161008,563,14,129,4000,1,10),(20161008,564,3,288,-9000,1,10),(20161008,565,7,100,5000,1,10),(20161008,566,20,67,30000,1,10),(20161008,567,2,433,-10000,1,10),(20161008,568,1,602,-8000,1,10),(20161008,569,1,588,-7000,1,10),(20161008,570,3,291,-8000,1,10),(20161008,571,5,376,-20000,1,10),(20161008,572,0,0,-12000,1,10),(20161008,573,3,275,-9000,1,10),(20161008,574,2,875,-24000,1,10),(20161008,575,1,409,-5000,1,10),(20161008,576,1,787,-11000,1,10),(20161008,577,7,119,3000,1,10),(20161008,578,0,0,-12000,1,10),(20161008,579,5,142,2500,1,10),(20161008,580,7,240,-9000,1,10),(20161008,581,13,93,11000,1,10),(20161008,582,0,0,-6000,1,10),(20161008,583,3,191,-4000,1,10),(20161008,584,13,160,-2000,1,10),(20161009,557,2,812,-25000,1,10),(20161009,558,2,203,-1000,1,10),(20161009,559,0,0,-10000,1,10),(20161009,560,4,317,-14000,1,10),(20161009,561,0,0,-500,1,10),(20161009,562,0,0,-9000,1,10),(20161009,563,32,68,44000,1,10),(20161009,564,1,630,-9000,1,10),(20161009,565,0,0,-7000,1,10),(20161009,566,2,362,-7000,1,10),(20161009,567,7,172,-2000,1,10),(20161009,568,0,0,-11000,1,10),(20161009,569,18,99,18000,1,10),(20161009,570,5,222,-9000,1,10),(20161009,571,2,484,-15000,1,10),(20161009,572,3,323,-8000,1,10),(20161009,573,12,82,13000,1,10),(20161009,574,5,294,-11000,1,10),(20161009,575,2,508,-13000,1,10),(20161009,576,8,94,3000,1,10),(20161009,577,48,83,58000,1,10),(20161009,578,25,93,23000,1,10),(20161009,579,1,748,-10000,1,10),(20161009,580,2,347,6500,1,10),(20161009,581,0,0,-2000,1,10),(20161009,582,24,92,19000,1,10),(20161009,583,0,0,-1000,1,10),(20161009,584,7,272,-15000,1,10),(20161010,557,27,123,16000,1,10),(20161010,558,0,0,-28000,1,10),(20161010,559,13,175,-7000,1,10),(20161010,560,15,185,-3000,1,10),(20161010,561,1,999,-18000,1,10),(20161010,562,32,111,25000,1,10),(20161010,563,3,538,-18000,1,10),(20161010,564,24,143,10000,1,10),(20161010,565,14,155,3000,1,10),(20161010,566,25,103,21000,1,10),(20161010,567,31,101,31000,1,10),(20161010,568,15,221,-10000,1,10),(20161010,569,23,98,20000,1,10),(20161010,570,12,208,-15000,1,10),(20161010,571,35,85,40000,1,10),(20161010,572,32,115,26000,1,10),(20161010,573,34,102,30000,1,10),(20161010,574,2,713,-18000,1,10),(20161010,575,15,210,-7000,1,10),(20161010,576,51,92,61000,1,10),(20161010,577,18,158,-2000,1,10),(20161010,578,10,175,-3000,1,10),(20161010,579,28,115,22000,1,10),(20161010,580,23,102,16000,1,10),(20161010,581,33,95,33000,1,10),(20161010,582,8,274,-17000,1,10),(20161010,583,24,151,14000,1,10),(20161010,584,22,89,27000,1,10),(20161011,557,24,144,11000,1,10),(20161011,558,12,126,8000,1,10),(20161011,559,2,548,-15000,1,10),(20161011,560,23,161,10000,1,10),(20161011,561,11,107,7000,1,10),(20161011,562,18,186,-2000,1,10),(20161011,563,0,0,-4000,1,10),(20161011,564,1,904,-10000,1,10),(20161011,565,24,75,26000,1,10),(20161011,566,15,75,20000,1,10),(20161011,567,1,451,-4000,1,10),(20161011,568,31,124,24000,1,10),(20161011,569,0,0,-4000,1,10),(20161011,570,2,326,-6000,1,10),(20161011,571,1,999,-15000,1,10),(20161011,572,0,0,-7000,1,10),(20161011,573,20,167,8000,1,10),(20161011,574,7,160,-3000,1,10),(20161011,575,15,141,8000,1,10),(20161011,576,1,887,-9000,1,10),(20161011,577,6,253,-6000,1,10),(20161011,578,8,109,3000,1,10),(20161011,579,15,150,1000,1,10),(20161011,580,0,0,-2000,1,10),(20161011,581,4,422,-15000,1,10),(20161011,582,1,383,-4000,1,10),(20161011,583,9,206,-5000,1,10),(20161011,584,4,315,-14000,1,10),(20161012,557,1,999,-35000,1,10),(20161012,558,0,0,-3000,1,10),(20161012,559,20,74,20000,1,10),(20161012,560,0,0,-3000,1,10),(20161012,561,0,0,-7000,1,10),(20161012,562,33,75,38000,1,10),(20161012,563,13,150,3000,1,10),(20161012,564,11,253,-10000,1,10),(20161012,565,0,0,-1000,1,10),(20161012,566,25,106,13000,1,10),(20161012,567,19,174,5000,1,10),(20161012,568,0,0,-11000,1,10),(20161012,569,25,113,14000,1,10),(20161012,570,12,103,5000,1,10),(20161012,571,28,103,26000,1,10),(20161012,572,6,338,-15000,1,10),(20161012,573,3,379,-10000,1,10),(20161012,574,3,531,-25000,1,10),(20161012,575,10,115,0,1,10),(20161012,576,6,362,-18000,1,10),(20161012,577,20,103,18000,1,10),(20161012,578,8,169,-2000,1,10),(20161012,579,3,435,-16000,1,10),(20161012,580,3,193,-2000,1,10),(20161012,581,14,136,3000,1,10),(20161012,582,15,116,10000,1,10),(20161012,583,16,180,0,1,10),(20161012,584,13,172,-10000,1,10),(20161013,557,34,111,29000,1,10),(20161013,558,0,0,-500,1,10),(20161013,559,3,226,-5000,1,10),(20161013,560,1,534,-5000,1,10),(20161013,561,2,354,-10000,1,10),(20161013,562,19,135,7000,1,10),(20161013,563,0,0,-6000,1,10),(20161013,564,27,85,32000,1,10),(20161013,565,2,472,-10000,1,10),(20161013,566,1,339,-3000,1,10),(20161013,567,16,203,-6000,1,10),(20161013,568,15,123,2000,1,10),(20161013,569,10,83,10000,1,10),(20161013,570,0,0,-15000,1,10),(20161013,571,4,255,-6000,1,10),(20161013,572,1,705,-7000,1,10),(20161013,573,1,500,-5000,1,10),(20161013,574,4,324,-12000,1,10),(20161013,575,0,0,-500,1,10),(20161013,576,11,269,-16000,1,10),(20161013,577,17,129,6000,1,10),(20161013,578,7,155,-4000,1,10),(20161013,579,0,0,-7000,1,10),(20161013,580,0,0,-5000,1,10),(20161013,581,13,214,-6000,1,10),(20161013,582,0,0,-500,1,10),(20161013,583,4,216,-4000,1,10),(20161013,584,0,0,-14000,1,10),(20161014,557,19,174,0,1,10),(20161014,558,24,102,19000,1,10),(20161014,559,2,542,-15000,1,10),(20161014,560,2,632,-16000,1,10),(20161014,561,16,119,10000,1,10),(20161014,562,11,102,6000,1,10),(20161014,563,12,185,-5000,1,10),(20161014,564,8,294,-13000,1,10),(20161014,565,13,160,-4000,1,10),(20161014,566,1,818,-11000,1,10),(20161014,567,33,112,27000,1,10),(20161014,568,2,425,-10000,1,10),(20161014,569,14,118,-9000,1,10),(20161014,570,15,171,-5000,1,10),(20161014,571,37,94,41000,1,10),(20161014,572,26,119,19000,1,10),(20161014,573,9,217,-10000,1,10),(20161014,574,9,151,-500,1,10),(20161014,575,6,284,-10000,1,10),(20161014,576,26,144,13000,1,10),(20161014,577,3,529,-18000,1,10),(20161014,578,8,132,2500,1,10),(20161014,579,3,605,-22000,1,10),(20161014,580,20,112,12000,1,10),(20161014,581,29,108,25000,1,10),(20161014,582,24,89,22000,1,10),(20161014,583,27,79,36000,1,10),(20161014,584,28,122,18000,1,10),(20161015,557,3,583,-20000,1,10),(20161015,558,13,87,15000,1,10),(20161015,559,0,0,-20000,1,10),(20161015,560,1,999,-15000,1,10),(20161015,561,5,238,-9000,1,10),(20161015,562,15,135,3000,1,10),(20161015,563,16,99,10000,1,10),(20161015,564,14,129,6000,1,10),(20161015,565,9,135,0,1,10),(20161015,566,3,259,-4000,1,10),(20161015,567,2,828,-20000,1,10),(20161015,568,1,842,-10000,1,10),(20161015,569,22,128,10000,1,10),(20161015,570,2,533,-16000,1,10),(20161015,571,0,0,-3000,1,10),(20161015,572,30,127,22000,1,10),(20161015,573,3,311,-8000,1,10),(20161015,574,3,350,-12000,1,10),(20161015,575,25,126,17000,1,10),(20161015,576,13,142,2000,1,10),(20161015,577,7,168,-4000,1,10),(20161015,578,11,125,4000,1,10),(20161015,579,5,237,-5000,1,10),(20161015,580,5,204,-10000,1,10),(20161015,581,3,511,-14000,1,10),(20161015,582,6,238,-8000,1,10),(20161015,583,0,0,-5000,1,10),(20161015,584,10,212,-9000,1,10),(20161016,557,18,156,-2000,1,10),(20161016,558,6,215,-4000,1,10),(20161016,559,2,561,-12000,1,10),(20161016,560,11,198,-11000,1,10),(20161016,561,12,212,-14000,1,10),(20161016,562,2,428,-10000,1,10),(20161016,563,2,472,-14000,1,10),(20161016,564,15,113,8000,1,10),(20161016,565,1,420,-4000,1,10),(20161016,566,1,999,-40000,1,10),(20161016,567,14,151,2000,1,10),(20161016,568,5,239,-8000,1,10),(20161016,569,3,404,-12000,1,10),(20161016,570,13,120,0,1,10),(20161016,571,27,105,26000,1,10),(20161016,572,1,642,-8000,1,10),(20161016,573,0,0,-22000,1,10),(20161016,574,3,520,-20000,1,10),(20161016,575,4,190,0,1,10),(20161016,576,12,250,-10000,1,10),(20161016,577,0,0,-22000,1,10),(20161016,578,1,999,-20000,1,10),(20161016,579,1,793,-11000,1,10),(20161016,580,28,93,26000,1,10),(20161016,581,6,306,-14000,1,10),(20161016,582,11,125,0,1,10),(20161016,583,27,84,31000,1,10),(20161016,584,0,0,-14000,1,10),(20161017,557,8,225,-9000,1,10),(20161017,558,0,0,-5000,1,10),(20161017,559,15,199,-2000,1,10),(20161017,560,0,0,-11000,1,10),(20161017,561,7,202,-9000,1,10),(20161017,562,10,118,6000,1,10),(20161017,563,11,198,-14000,1,10),(20161017,564,2,635,-17000,1,10),(20161017,565,0,0,-10000,1,10),(20161017,566,0,0,-13000,1,10),(20161017,567,7,354,-18000,1,10),(20161017,568,18,164,-1000,1,10),(20161017,569,0,0,-500,1,10),(20161017,570,1,999,-36000,1,10),(20161017,571,6,207,-5000,1,10),(20161017,572,12,215,-4000,1,10),(20161017,573,0,0,-5000,1,10),(20161017,574,5,296,-14000,1,10),(20161017,575,1,310,-2000,1,10),(20161017,576,22,135,13000,1,10),(20161017,577,4,141,2000,1,10),(20161017,578,7,247,-15000,1,10),(20161017,579,1,913,-14000,1,10),(20161017,580,0,0,-500,1,10),(20161017,581,40,95,43000,1,10),(20161017,582,0,0,-4000,1,10),(20161017,583,0,0,-9000,1,10),(20161017,584,13,139,3000,1,10);
/*!40000 ALTER TABLE `piainfo` ENABLE KEYS */;
UNLOCK TABLES;

--
-- Table structure for table `piainfo_eva`
--

DROP TABLE IF EXISTS `piainfo_eva`;
/*!40101 SET @saved_cs_client     = @@character_set_client */;
/*!40101 SET character_set_client = utf8 */;
CREATE TABLE `piainfo_eva` (
  `playDate` int(11) NOT NULL,
  `taiNo` int(11) NOT NULL,
  `bonusCount` int(11) DEFAULT NULL,
  `rate` int(11) DEFAULT NULL,
  `ballOutput` int(11) DEFAULT NULL,
  `kind` int(11) NOT NULL DEFAULT '1',
  `month` int(11) NOT NULL DEFAULT '0',
  PRIMARY KEY (`playDate`,`taiNo`)
) ENGINE=InnoDB DEFAULT CHARSET=utf8;
/*!40101 SET character_set_client = @saved_cs_client */;

--
-- Dumping data for table `piainfo_eva`
--

LOCK TABLES `piainfo_eva` WRITE;
/*!40000 ALTER TABLE `piainfo_eva` DISABLE KEYS */;
INSERT INTO `piainfo_eva` VALUES (20161001,683,10,148,-10000,2,10),(20161001,684,53,41,47000,2,10),(20161001,685,5,228,-14000,2,10),(20161001,686,5,180,-13000,2,10),(20161001,687,46,54,45000,2,10),(20161001,688,4,194,-10000,2,10),(20161001,689,10,144,-11000,2,10),(20161002,683,25,98,-15000,2,10),(20161002,684,0,0,-5000,2,10),(20161002,685,0,0,-21000,2,10),(20161002,686,34,57,30000,2,10),(20161002,687,1,288,-4000,2,10),(20161002,688,8,124,-3000,2,10),(20161002,689,23,70,9000,2,10),(20161003,683,0,0,-7000,2,10),(20161003,684,11,74,4000,2,10),(20161003,685,5,160,-7000,2,10),(20161003,686,4,126,-4000,2,10),(20161003,687,10,79,-2000,2,10),(20161003,688,0,0,-15000,2,10),(20161003,689,13,96,2000,2,10),(20161004,683,41,83,5000,2,10),(20161004,684,17,53,16000,2,10),(20161004,685,2,556,-18000,2,10),(20161004,686,2,384,-11000,2,10),(20161004,687,17,70,13000,2,10),(20161004,688,4,296,-17000,2,10),(20161004,689,8,82,11000,2,10),(20161005,683,9,61,6000,2,10),(20161005,684,10,98,-3000,2,10),(20161005,685,4,241,-11000,2,10),(20161005,686,20,83,-3000,2,10),(20161005,687,3,161,-5000,2,10),(20161005,688,3,253,-11000,2,10),(20161005,689,2,446,-15000,2,10),(20161006,683,11,93,-2000,2,10),(20161006,684,34,60,14000,2,10),(20161006,685,6,192,-8000,2,10),(20161006,686,10,88,3000,2,10),(20161006,687,8,139,0,2,10),(20161006,688,0,0,-5000,2,10),(20161006,689,5,201,-12000,2,10),(20161007,683,18,103,-5000,2,10),(20161007,684,4,112,-4000,2,10),(20161007,685,21,119,-18000,2,10),(20161007,686,1,256,-3000,2,10),(20161007,687,27,154,9000,2,10),(20161007,688,30,49,28000,2,10),(20161007,689,14,122,-5000,2,10),(20161008,683,0,0,-17000,2,10),(20161008,684,15,106,0,2,10),(20161008,685,2,121,-4000,2,10),(20161008,686,14,148,-20000,2,10),(20161008,687,10,105,1000,2,10),(20161008,688,0,0,-500,2,10),(20161008,689,21,100,-15000,2,10),(20161009,683,31,106,-15000,2,10),(20161009,684,24,71,14000,2,10),(20161009,685,25,77,9000,2,10),(20161009,686,4,350,-20000,2,10),(20161009,687,37,48,25000,2,10),(20161009,688,2,410,-11000,2,10),(20161009,689,30,66,2000,2,10),(20161010,683,30,97,1000,2,10),(20161010,684,29,76,16000,2,10),(20161010,685,14,158,-13000,2,10),(20161010,686,14,138,-17000,2,10),(20161010,687,17,128,-2000,2,10),(20161010,688,31,75,22000,2,10),(20161010,689,10,169,-14000,2,10),(20161011,683,20,108,-7000,2,10),(20161011,684,5,178,-8000,2,10),(20161011,685,6,159,-5000,2,10),(20161011,686,18,109,-4000,2,10),(20161011,687,1,680,-11000,2,10),(20161011,688,0,0,-10000,2,10),(20161011,689,0,0,-20000,2,10),(20161012,683,10,160,-18000,2,10),(20161012,684,13,112,-6000,2,10),(20161012,685,6,104,0,2,10),(20161012,686,1,673,-10000,2,10),(20161012,687,0,0,-8000,2,10),(20161012,688,7,127,-5000,2,10),(20161012,689,5,143,-10000,2,10),(20161013,683,4,211,-11000,2,10),(20161013,684,1,344,-5000,2,10),(20161013,685,12,88,3000,2,10),(20161013,686,0,0,-3000,2,10),(20161013,687,2,202,-6000,2,10),(20161013,688,4,162,-6000,2,10),(20161013,689,10,93,-3000,2,10),(20161014,683,19,92,-2000,2,10),(20161014,684,24,67,17000,2,10),(20161014,685,0,0,-15000,2,10),(20161014,686,4,286,-14000,2,10),(20161014,687,10,128,-8000,2,10),(20161014,688,0,0,-16000,2,10),(20161014,689,10,150,-6000,2,10),(20161015,683,25,115,-16000,2,10),(20161015,684,5,165,-9000,2,10),(20161015,685,13,148,-12000,2,10),(20161015,686,5,269,-20000,2,10),(20161015,687,26,59,20000,2,10),(20161015,688,15,75,3000,2,10),(20161015,689,27,97,4000,2,10),(20161016,683,14,129,-10000,2,10),(20161016,684,0,0,-9000,2,10),(20161016,685,24,70,6000,2,10),(20161016,686,11,149,-18000,2,10),(20161016,687,12,82,0,2,10),(20161016,688,11,133,-13000,2,10),(20161016,689,29,39,27000,2,10),(20161017,683,1,502,-9000,2,10),(20161017,684,3,248,-10000,2,10),(20161017,685,0,0,-1000,2,10),(20161017,686,0,0,-9000,2,10),(20161017,687,0,0,-3000,2,10),(20161017,688,0,0,-5000,2,10),(20161017,689,13,95,-5000,2,10);
/*!40000 ALTER TABLE `piainfo_eva` ENABLE KEYS */;
UNLOCK TABLES;

--
-- Table structure for table `taino`
--

DROP TABLE IF EXISTS `taino`;
/*!40101 SET @saved_cs_client     = @@character_set_client */;
/*!40101 SET character_set_client = utf8 */;
CREATE TABLE `taino` (
  `taiNo` int(11) NOT NULL,
  `groupName` text,
  PRIMARY KEY (`taiNo`)
) ENGINE=InnoDB DEFAULT CHARSET=utf8;
/*!40101 SET character_set_client = @saved_cs_client */;

--
-- Dumping data for table `taino`
--

LOCK TABLES `taino` WRITE;
/*!40000 ALTER TABLE `taino` DISABLE KEYS */;
INSERT INTO `taino` VALUES (557,'A'),(558,'A'),(559,'A'),(560,'A'),(561,'A'),(562,'A'),(563,'A'),(564,'B'),(565,'B'),(566,'B'),(567,'B'),(568,'B'),(569,'B'),(570,'B'),(571,'C'),(572,'C'),(573,'C'),(574,'C'),(575,'C'),(576,'C'),(577,'C'),(578,'D'),(579,'D'),(580,'D'),(581,'D'),(582,'D'),(583,'D'),(584,'D'),(683,'EVA'),(684,'EVA'),(685,'EVA'),(686,'EVA'),(687,'EVA'),(688,'EVA'),(689,'EVA');
/*!40000 ALTER TABLE `taino` ENABLE KEYS */;
UNLOCK TABLES;

--
-- Temporary view structure for view `v_balloutput_layout`
--

DROP TABLE IF EXISTS `v_balloutput_layout`;
/*!50001 DROP VIEW IF EXISTS `v_balloutput_layout`*/;
SET @saved_cs_client     = @@character_set_client;
SET character_set_client = utf8;
/*!50001 CREATE VIEW `v_balloutput_layout` AS SELECT 
 1 AS `playdate`,
 1 AS `month`,
 1 AS `v_557`,
 1 AS `v_558`,
 1 AS `v_559`,
 1 AS `v_560`,
 1 AS `v_561`,
 1 AS `v_562`,
 1 AS `v_563`,
 1 AS `v_564`,
 1 AS `v_565`,
 1 AS `v_566`,
 1 AS `v_567`,
 1 AS `v_568`,
 1 AS `v_569`,
 1 AS `v_570`,
 1 AS `v_571`,
 1 AS `v_572`,
 1 AS `v_573`,
 1 AS `v_574`,
 1 AS `v_575`,
 1 AS `v_576`,
 1 AS `v_577`,
 1 AS `v_578`,
 1 AS `v_579`,
 1 AS `v_580`,
 1 AS `v_581`,
 1 AS `v_582`,
 1 AS `v_583`,
 1 AS `v_584`*/;
SET character_set_client = @saved_cs_client;

--
-- Temporary view structure for view `v_bonus_layout`
--

DROP TABLE IF EXISTS `v_bonus_layout`;
/*!50001 DROP VIEW IF EXISTS `v_bonus_layout`*/;
SET @saved_cs_client     = @@character_set_client;
SET character_set_client = utf8;
/*!50001 CREATE VIEW `v_bonus_layout` AS SELECT 
 1 AS `playdate`,
 1 AS `month`,
 1 AS `v_557`,
 1 AS `v_558`,
 1 AS `v_559`,
 1 AS `v_560`,
 1 AS `v_561`,
 1 AS `v_562`,
 1 AS `v_563`,
 1 AS `v_564`,
 1 AS `v_565`,
 1 AS `v_566`,
 1 AS `v_567`,
 1 AS `v_568`,
 1 AS `v_569`,
 1 AS `v_570`,
 1 AS `v_571`,
 1 AS `v_572`,
 1 AS `v_573`,
 1 AS `v_574`,
 1 AS `v_575`,
 1 AS `v_576`,
 1 AS `v_577`,
 1 AS `v_578`,
 1 AS `v_579`,
 1 AS `v_580`,
 1 AS `v_581`,
 1 AS `v_582`,
 1 AS `v_583`,
 1 AS `v_584`*/;
SET character_set_client = @saved_cs_client;

--
-- Temporary view structure for view `v_group_ballout`
--

DROP TABLE IF EXISTS `v_group_ballout`;
/*!50001 DROP VIEW IF EXISTS `v_group_ballout`*/;
SET @saved_cs_client     = @@character_set_client;
SET character_set_client = utf8;
/*!50001 CREATE VIEW `v_group_ballout` AS SELECT 
 1 AS `playDate`,
 1 AS `a`,
 1 AS `b`,
 1 AS `c`,
 1 AS `d`,
 1 AS `totalOut`,
 1 AS `totalOutBefore`*/;
SET character_set_client = @saved_cs_client;

--
-- Temporary view structure for view `v_group_ballout_now`
--

DROP TABLE IF EXISTS `v_group_ballout_now`;
/*!50001 DROP VIEW IF EXISTS `v_group_ballout_now`*/;
SET @saved_cs_client     = @@character_set_client;
SET character_set_client = utf8;
/*!50001 CREATE VIEW `v_group_ballout_now` AS SELECT 
 1 AS `playDate`,
 1 AS `a`,
 1 AS `b`,
 1 AS `c`,
 1 AS `d`,
 1 AS `totalOut`,
 1 AS `totalOutBefore`*/;
SET character_set_client = @saved_cs_client;

--
-- Temporary view structure for view `v_rate_layout`
--

DROP TABLE IF EXISTS `v_rate_layout`;
/*!50001 DROP VIEW IF EXISTS `v_rate_layout`*/;
SET @saved_cs_client     = @@character_set_client;
SET character_set_client = utf8;
/*!50001 CREATE VIEW `v_rate_layout` AS SELECT 
 1 AS `playdate`,
 1 AS `month`,
 1 AS `v_557`,
 1 AS `v_558`,
 1 AS `v_559`,
 1 AS `v_560`,
 1 AS `v_561`,
 1 AS `v_562`,
 1 AS `v_563`,
 1 AS `v_564`,
 1 AS `v_565`,
 1 AS `v_566`,
 1 AS `v_567`,
 1 AS `v_568`,
 1 AS `v_569`,
 1 AS `v_570`,
 1 AS `v_571`,
 1 AS `v_572`,
 1 AS `v_573`,
 1 AS `v_574`,
 1 AS `v_575`,
 1 AS `v_576`,
 1 AS `v_577`,
 1 AS `v_578`,
 1 AS `v_579`,
 1 AS `v_580`,
 1 AS `v_581`,
 1 AS `v_582`,
 1 AS `v_583`,
 1 AS `v_584`*/;
SET character_set_client = @saved_cs_client;

--
-- Temporary view structure for view `v_satama_by_d_t`
--

DROP TABLE IF EXISTS `v_satama_by_d_t`;
/*!50001 DROP VIEW IF EXISTS `v_satama_by_d_t`*/;
SET @saved_cs_client     = @@character_set_client;
SET character_set_client = utf8;
/*!50001 CREATE VIEW `v_satama_by_d_t` AS SELECT 
 1 AS `playDate`,
 1 AS `taiNo`,
 1 AS `bonusCount`,
 1 AS `rate`,
 1 AS `ballOutput`,
 1 AS `ballInput`,
 1 AS `totalOut`,
 1 AS `totalOutBefore`,
 1 AS `rateN`,
 1 AS `bonusCountN`,
 1 AS `ballOutputN`,
 1 AS `playDateN`,
 1 AS `totalOutN`*/;
SET character_set_client = @saved_cs_client;

--
-- Temporary view structure for view `v_satama_by_d_t_now`
--

DROP TABLE IF EXISTS `v_satama_by_d_t_now`;
/*!50001 DROP VIEW IF EXISTS `v_satama_by_d_t_now`*/;
SET @saved_cs_client     = @@character_set_client;
SET character_set_client = utf8;
/*!50001 CREATE VIEW `v_satama_by_d_t_now` AS SELECT 
 1 AS `playDate`,
 1 AS `taiNo`,
 1 AS `bonusCount`,
 1 AS `rate`,
 1 AS `ballOutput`,
 1 AS `ballInput`,
 1 AS `totalOut`,
 1 AS `totalOutBefore`,
 1 AS `rateN`,
 1 AS `bonusCountN`,
 1 AS `ballOutputN`,
 1 AS `playDateN`,
 1 AS `totalOutN`*/;
SET character_set_client = @saved_cs_client;

--
-- Temporary view structure for view `v_satama_by_taino`
--

DROP TABLE IF EXISTS `v_satama_by_taino`;
/*!50001 DROP VIEW IF EXISTS `v_satama_by_taino`*/;
SET @saved_cs_client     = @@character_set_client;
SET character_set_client = utf8;
/*!50001 CREATE VIEW `v_satama_by_taino` AS SELECT 
 1 AS `taiNo`,
 1 AS `addball`,
 1 AS `unaddball`,
 1 AS `totalout`,
 1 AS `rateball`,
 1 AS `addtime`,
 1 AS `unaddtime`,
 1 AS `ratetime`*/;
SET character_set_client = @saved_cs_client;

--
-- Temporary view structure for view `v_satama_by_taino_now`
--

DROP TABLE IF EXISTS `v_satama_by_taino_now`;
/*!50001 DROP VIEW IF EXISTS `v_satama_by_taino_now`*/;
SET @saved_cs_client     = @@character_set_client;
SET character_set_client = utf8;
/*!50001 CREATE VIEW `v_satama_by_taino_now` AS SELECT 
 1 AS `taiNo`,
 1 AS `addball`,
 1 AS `unaddball`,
 1 AS `totalout`,
 1 AS `rateball`,
 1 AS `addtime`,
 1 AS `unaddtime`,
 1 AS `ratetime`*/;
SET character_set_client = @saved_cs_client;

--
-- Dumping events for database 'pia'
--

--
-- Dumping routines for database 'pia'
--
/*!50003 DROP FUNCTION IF EXISTS `adddays` */;
/*!50003 SET @saved_cs_client      = @@character_set_client */ ;
/*!50003 SET @saved_cs_results     = @@character_set_results */ ;
/*!50003 SET @saved_col_connection = @@collation_connection */ ;
/*!50003 SET character_set_client  = utf8 */ ;
/*!50003 SET character_set_results = utf8 */ ;
/*!50003 SET collation_connection  = utf8_general_ci */ ;
/*!50003 SET @saved_sql_mode       = @@sql_mode */ ;
/*!50003 SET sql_mode              = 'STRICT_TRANS_TABLES,NO_AUTO_CREATE_USER,NO_ENGINE_SUBSTITUTION' */ ;
DELIMITER ;;
CREATE DEFINER=`root`@`localhost` FUNCTION `adddays`(intDay INT,adds INT) RETURNS int(11)
BEGIN
	declare result INTEGER;
SELECT 
    DATE_FORMAT(ADDDATE(STR_TO_DATE(intDay, '%Y%m%d'),
                INTERVAL adds DAY),
            '%Y%m%d')
INTO result;
    
RETURN result;
END ;;
DELIMITER ;
/*!50003 SET sql_mode              = @saved_sql_mode */ ;
/*!50003 SET character_set_client  = @saved_cs_client */ ;
/*!50003 SET character_set_results = @saved_cs_results */ ;
/*!50003 SET collation_connection  = @saved_col_connection */ ;

--
-- Final view structure for view `v_balloutput_layout`
--

/*!50001 DROP VIEW IF EXISTS `v_balloutput_layout`*/;
/*!50001 SET @saved_cs_client          = @@character_set_client */;
/*!50001 SET @saved_cs_results         = @@character_set_results */;
/*!50001 SET @saved_col_connection     = @@collation_connection */;
/*!50001 SET character_set_client      = utf8 */;
/*!50001 SET character_set_results     = utf8 */;
/*!50001 SET collation_connection      = utf8_general_ci */;
/*!50001 CREATE ALGORITHM=UNDEFINED */
/*!50013 DEFINER=`root`@`localhost` SQL SECURITY DEFINER */
/*!50001 VIEW `v_balloutput_layout` AS select `piainfo`.`playDate` AS `playdate`,`piainfo`.`month` AS `month`,sum(if((`piainfo`.`taiNo` = 557),`piainfo`.`ballOutput`,0)) AS `v_557`,sum(if((`piainfo`.`taiNo` = 558),`piainfo`.`ballOutput`,0)) AS `v_558`,sum(if((`piainfo`.`taiNo` = 559),`piainfo`.`ballOutput`,0)) AS `v_559`,sum(if((`piainfo`.`taiNo` = 560),`piainfo`.`ballOutput`,0)) AS `v_560`,sum(if((`piainfo`.`taiNo` = 561),`piainfo`.`ballOutput`,0)) AS `v_561`,sum(if((`piainfo`.`taiNo` = 562),`piainfo`.`ballOutput`,0)) AS `v_562`,sum(if((`piainfo`.`taiNo` = 563),`piainfo`.`ballOutput`,0)) AS `v_563`,sum(if((`piainfo`.`taiNo` = 564),`piainfo`.`ballOutput`,0)) AS `v_564`,sum(if((`piainfo`.`taiNo` = 565),`piainfo`.`ballOutput`,0)) AS `v_565`,sum(if((`piainfo`.`taiNo` = 566),`piainfo`.`ballOutput`,0)) AS `v_566`,sum(if((`piainfo`.`taiNo` = 567),`piainfo`.`ballOutput`,0)) AS `v_567`,sum(if((`piainfo`.`taiNo` = 568),`piainfo`.`ballOutput`,0)) AS `v_568`,sum(if((`piainfo`.`taiNo` = 569),`piainfo`.`ballOutput`,0)) AS `v_569`,sum(if((`piainfo`.`taiNo` = 570),`piainfo`.`ballOutput`,0)) AS `v_570`,sum(if((`piainfo`.`taiNo` = 571),`piainfo`.`ballOutput`,0)) AS `v_571`,sum(if((`piainfo`.`taiNo` = 572),`piainfo`.`ballOutput`,0)) AS `v_572`,sum(if((`piainfo`.`taiNo` = 573),`piainfo`.`ballOutput`,0)) AS `v_573`,sum(if((`piainfo`.`taiNo` = 574),`piainfo`.`ballOutput`,0)) AS `v_574`,sum(if((`piainfo`.`taiNo` = 575),`piainfo`.`ballOutput`,0)) AS `v_575`,sum(if((`piainfo`.`taiNo` = 576),`piainfo`.`ballOutput`,0)) AS `v_576`,sum(if((`piainfo`.`taiNo` = 577),`piainfo`.`ballOutput`,0)) AS `v_577`,sum(if((`piainfo`.`taiNo` = 578),`piainfo`.`ballOutput`,0)) AS `v_578`,sum(if((`piainfo`.`taiNo` = 579),`piainfo`.`ballOutput`,0)) AS `v_579`,sum(if((`piainfo`.`taiNo` = 580),`piainfo`.`ballOutput`,0)) AS `v_580`,sum(if((`piainfo`.`taiNo` = 581),`piainfo`.`ballOutput`,0)) AS `v_581`,sum(if((`piainfo`.`taiNo` = 582),`piainfo`.`ballOutput`,0)) AS `v_582`,sum(if((`piainfo`.`taiNo` = 583),`piainfo`.`ballOutput`,0)) AS `v_583`,sum(if((`piainfo`.`taiNo` = 584),`piainfo`.`ballOutput`,0)) AS `v_584` from `piainfo` group by `piainfo`.`playDate` order by `piainfo`.`playDate` */;
/*!50001 SET character_set_client      = @saved_cs_client */;
/*!50001 SET character_set_results     = @saved_cs_results */;
/*!50001 SET collation_connection      = @saved_col_connection */;

--
-- Final view structure for view `v_bonus_layout`
--

/*!50001 DROP VIEW IF EXISTS `v_bonus_layout`*/;
/*!50001 SET @saved_cs_client          = @@character_set_client */;
/*!50001 SET @saved_cs_results         = @@character_set_results */;
/*!50001 SET @saved_col_connection     = @@collation_connection */;
/*!50001 SET character_set_client      = utf8 */;
/*!50001 SET character_set_results     = utf8 */;
/*!50001 SET collation_connection      = utf8_general_ci */;
/*!50001 CREATE ALGORITHM=UNDEFINED */
/*!50013 DEFINER=`root`@`localhost` SQL SECURITY DEFINER */
/*!50001 VIEW `v_bonus_layout` AS select `piainfo`.`playDate` AS `playdate`,`piainfo`.`month` AS `month`,sum(if((`piainfo`.`taiNo` = 557),`piainfo`.`bonusCount`,0)) AS `v_557`,sum(if((`piainfo`.`taiNo` = 558),`piainfo`.`bonusCount`,0)) AS `v_558`,sum(if((`piainfo`.`taiNo` = 559),`piainfo`.`bonusCount`,0)) AS `v_559`,sum(if((`piainfo`.`taiNo` = 560),`piainfo`.`bonusCount`,0)) AS `v_560`,sum(if((`piainfo`.`taiNo` = 561),`piainfo`.`bonusCount`,0)) AS `v_561`,sum(if((`piainfo`.`taiNo` = 562),`piainfo`.`bonusCount`,0)) AS `v_562`,sum(if((`piainfo`.`taiNo` = 563),`piainfo`.`bonusCount`,0)) AS `v_563`,sum(if((`piainfo`.`taiNo` = 564),`piainfo`.`bonusCount`,0)) AS `v_564`,sum(if((`piainfo`.`taiNo` = 565),`piainfo`.`bonusCount`,0)) AS `v_565`,sum(if((`piainfo`.`taiNo` = 566),`piainfo`.`bonusCount`,0)) AS `v_566`,sum(if((`piainfo`.`taiNo` = 567),`piainfo`.`bonusCount`,0)) AS `v_567`,sum(if((`piainfo`.`taiNo` = 568),`piainfo`.`bonusCount`,0)) AS `v_568`,sum(if((`piainfo`.`taiNo` = 569),`piainfo`.`bonusCount`,0)) AS `v_569`,sum(if((`piainfo`.`taiNo` = 570),`piainfo`.`bonusCount`,0)) AS `v_570`,sum(if((`piainfo`.`taiNo` = 571),`piainfo`.`bonusCount`,0)) AS `v_571`,sum(if((`piainfo`.`taiNo` = 572),`piainfo`.`bonusCount`,0)) AS `v_572`,sum(if((`piainfo`.`taiNo` = 573),`piainfo`.`bonusCount`,0)) AS `v_573`,sum(if((`piainfo`.`taiNo` = 574),`piainfo`.`bonusCount`,0)) AS `v_574`,sum(if((`piainfo`.`taiNo` = 575),`piainfo`.`bonusCount`,0)) AS `v_575`,sum(if((`piainfo`.`taiNo` = 576),`piainfo`.`bonusCount`,0)) AS `v_576`,sum(if((`piainfo`.`taiNo` = 577),`piainfo`.`bonusCount`,0)) AS `v_577`,sum(if((`piainfo`.`taiNo` = 578),`piainfo`.`bonusCount`,0)) AS `v_578`,sum(if((`piainfo`.`taiNo` = 579),`piainfo`.`bonusCount`,0)) AS `v_579`,sum(if((`piainfo`.`taiNo` = 580),`piainfo`.`bonusCount`,0)) AS `v_580`,sum(if((`piainfo`.`taiNo` = 581),`piainfo`.`bonusCount`,0)) AS `v_581`,sum(if((`piainfo`.`taiNo` = 582),`piainfo`.`bonusCount`,0)) AS `v_582`,sum(if((`piainfo`.`taiNo` = 583),`piainfo`.`bonusCount`,0)) AS `v_583`,sum(if((`piainfo`.`taiNo` = 584),`piainfo`.`bonusCount`,0)) AS `v_584` from `piainfo` group by `piainfo`.`playDate` order by `piainfo`.`playDate` */;
/*!50001 SET character_set_client      = @saved_cs_client */;
/*!50001 SET character_set_results     = @saved_cs_results */;
/*!50001 SET collation_connection      = @saved_col_connection */;

--
-- Final view structure for view `v_group_ballout`
--

/*!50001 DROP VIEW IF EXISTS `v_group_ballout`*/;
/*!50001 SET @saved_cs_client          = @@character_set_client */;
/*!50001 SET @saved_cs_results         = @@character_set_results */;
/*!50001 SET @saved_col_connection     = @@collation_connection */;
/*!50001 SET character_set_client      = utf8 */;
/*!50001 SET character_set_results     = utf8 */;
/*!50001 SET collation_connection      = utf8_general_ci */;
/*!50001 CREATE ALGORITHM=UNDEFINED */
/*!50013 DEFINER=`root`@`localhost` SQL SECURITY DEFINER */
/*!50001 VIEW `v_group_ballout` AS select `a`.`playDate` AS `playDate`,sum(if((`a`.`groupName` = 'A'),`a`.`ss`,0)) AS `a`,sum(if((`a`.`groupName` = 'B'),`a`.`ss`,0)) AS `b`,sum(if((`a`.`groupName` = 'C'),`a`.`ss`,0)) AS `c`,sum(if((`a`.`groupName` = 'D'),`a`.`ss`,0)) AS `d`,sum(`a`.`ss`) AS `totalOut`,(select sum(`p1`.`ballOutput`) from `pia`.`piainfo` `p1` where ((`p1`.`playDate` <= `a`.`playDate`) and (`p1`.`kind` = 1))) AS `totalOutBefore` from (select `p`.`playDate` AS `playDate`,`t`.`groupName` AS `groupName`,sum(`p`.`ballOutput`) AS `ss` from (`pia`.`piainfo` `p` join `pia`.`taino` `t`) where ((`p`.`taiNo` = `t`.`taiNo`) and (`p`.`kind` = 1)) group by `p`.`playDate`,`t`.`groupName` order by `p`.`playDate`,`t`.`groupName`) `a` group by `a`.`playDate` */;
/*!50001 SET character_set_client      = @saved_cs_client */;
/*!50001 SET character_set_results     = @saved_cs_results */;
/*!50001 SET collation_connection      = @saved_col_connection */;

--
-- Final view structure for view `v_group_ballout_now`
--

/*!50001 DROP VIEW IF EXISTS `v_group_ballout_now`*/;
/*!50001 SET @saved_cs_client          = @@character_set_client */;
/*!50001 SET @saved_cs_results         = @@character_set_results */;
/*!50001 SET @saved_col_connection     = @@collation_connection */;
/*!50001 SET character_set_client      = utf8 */;
/*!50001 SET character_set_results     = utf8 */;
/*!50001 SET collation_connection      = utf8_general_ci */;
/*!50001 CREATE ALGORITHM=UNDEFINED */
/*!50013 DEFINER=`root`@`localhost` SQL SECURITY DEFINER */
/*!50001 VIEW `v_group_ballout_now` AS select `a`.`playDate` AS `playDate`,sum(if((`a`.`groupName` = 'A'),`a`.`ss`,0)) AS `a`,sum(if((`a`.`groupName` = 'B'),`a`.`ss`,0)) AS `b`,sum(if((`a`.`groupName` = 'C'),`a`.`ss`,0)) AS `c`,sum(if((`a`.`groupName` = 'D'),`a`.`ss`,0)) AS `d`,sum(`a`.`ss`) AS `totalOut`,(select sum(`p1`.`ballOutput`) from `pia`.`piainfo` `p1` where ((`p1`.`playDate` <= `a`.`playDate`) and (`p1`.`kind` = 1) and (`p1`.`month` = month(now())))) AS `totalOutBefore` from (select `p`.`playDate` AS `playDate`,`t`.`groupName` AS `groupName`,sum(`p`.`ballOutput`) AS `ss` from (`pia`.`piainfo` `p` join `pia`.`taino` `t`) where ((`p`.`taiNo` = `t`.`taiNo`) and (`p`.`kind` = 1) and (`p`.`month` = month(now()))) group by `p`.`playDate`,`t`.`groupName` order by `p`.`playDate`,`t`.`groupName`) `a` group by `a`.`playDate` */;
/*!50001 SET character_set_client      = @saved_cs_client */;
/*!50001 SET character_set_results     = @saved_cs_results */;
/*!50001 SET collation_connection      = @saved_col_connection */;

--
-- Final view structure for view `v_rate_layout`
--

/*!50001 DROP VIEW IF EXISTS `v_rate_layout`*/;
/*!50001 SET @saved_cs_client          = @@character_set_client */;
/*!50001 SET @saved_cs_results         = @@character_set_results */;
/*!50001 SET @saved_col_connection     = @@collation_connection */;
/*!50001 SET character_set_client      = utf8 */;
/*!50001 SET character_set_results     = utf8 */;
/*!50001 SET collation_connection      = utf8_general_ci */;
/*!50001 CREATE ALGORITHM=UNDEFINED */
/*!50013 DEFINER=`root`@`localhost` SQL SECURITY DEFINER */
/*!50001 VIEW `v_rate_layout` AS select `piainfo`.`playDate` AS `playdate`,`piainfo`.`month` AS `month`,sum(if((`piainfo`.`taiNo` = 557),`piainfo`.`rate`,0)) AS `v_557`,sum(if((`piainfo`.`taiNo` = 558),`piainfo`.`rate`,0)) AS `v_558`,sum(if((`piainfo`.`taiNo` = 559),`piainfo`.`rate`,0)) AS `v_559`,sum(if((`piainfo`.`taiNo` = 560),`piainfo`.`rate`,0)) AS `v_560`,sum(if((`piainfo`.`taiNo` = 561),`piainfo`.`rate`,0)) AS `v_561`,sum(if((`piainfo`.`taiNo` = 562),`piainfo`.`rate`,0)) AS `v_562`,sum(if((`piainfo`.`taiNo` = 563),`piainfo`.`rate`,0)) AS `v_563`,sum(if((`piainfo`.`taiNo` = 564),`piainfo`.`rate`,0)) AS `v_564`,sum(if((`piainfo`.`taiNo` = 565),`piainfo`.`rate`,0)) AS `v_565`,sum(if((`piainfo`.`taiNo` = 566),`piainfo`.`rate`,0)) AS `v_566`,sum(if((`piainfo`.`taiNo` = 567),`piainfo`.`rate`,0)) AS `v_567`,sum(if((`piainfo`.`taiNo` = 568),`piainfo`.`rate`,0)) AS `v_568`,sum(if((`piainfo`.`taiNo` = 569),`piainfo`.`rate`,0)) AS `v_569`,sum(if((`piainfo`.`taiNo` = 570),`piainfo`.`rate`,0)) AS `v_570`,sum(if((`piainfo`.`taiNo` = 571),`piainfo`.`rate`,0)) AS `v_571`,sum(if((`piainfo`.`taiNo` = 572),`piainfo`.`rate`,0)) AS `v_572`,sum(if((`piainfo`.`taiNo` = 573),`piainfo`.`rate`,0)) AS `v_573`,sum(if((`piainfo`.`taiNo` = 574),`piainfo`.`rate`,0)) AS `v_574`,sum(if((`piainfo`.`taiNo` = 575),`piainfo`.`rate`,0)) AS `v_575`,sum(if((`piainfo`.`taiNo` = 576),`piainfo`.`rate`,0)) AS `v_576`,sum(if((`piainfo`.`taiNo` = 577),`piainfo`.`rate`,0)) AS `v_577`,sum(if((`piainfo`.`taiNo` = 578),`piainfo`.`rate`,0)) AS `v_578`,sum(if((`piainfo`.`taiNo` = 579),`piainfo`.`rate`,0)) AS `v_579`,sum(if((`piainfo`.`taiNo` = 580),`piainfo`.`rate`,0)) AS `v_580`,sum(if((`piainfo`.`taiNo` = 581),`piainfo`.`rate`,0)) AS `v_581`,sum(if((`piainfo`.`taiNo` = 582),`piainfo`.`rate`,0)) AS `v_582`,sum(if((`piainfo`.`taiNo` = 583),`piainfo`.`rate`,0)) AS `v_583`,sum(if((`piainfo`.`taiNo` = 584),`piainfo`.`rate`,0)) AS `v_584` from `piainfo` group by `piainfo`.`playDate` order by `piainfo`.`playDate` */;
/*!50001 SET character_set_client      = @saved_cs_client */;
/*!50001 SET character_set_results     = @saved_cs_results */;
/*!50001 SET collation_connection      = @saved_col_connection */;

--
-- Final view structure for view `v_satama_by_d_t`
--

/*!50001 DROP VIEW IF EXISTS `v_satama_by_d_t`*/;
/*!50001 SET @saved_cs_client          = @@character_set_client */;
/*!50001 SET @saved_cs_results         = @@character_set_results */;
/*!50001 SET @saved_col_connection     = @@collation_connection */;
/*!50001 SET character_set_client      = utf8 */;
/*!50001 SET character_set_results     = utf8 */;
/*!50001 SET collation_connection      = utf8_general_ci */;
/*!50001 CREATE ALGORITHM=UNDEFINED */
/*!50013 DEFINER=`root`@`localhost` SQL SECURITY DEFINER */
/*!50001 VIEW `v_satama_by_d_t` AS select `v`.`playDate` AS `playDate`,`v`.`taiNo` AS `taiNo`,`v`.`bonusCount` AS `bonusCount`,`v`.`rate` AS `rate`,`v`.`ballOutput` AS `ballOutput`,cast(if((`v`.`rate` <> 0),(`v`.`bonusCount` * `v`.`rate`),abs((((`v`.`ballOutput` * 4) / 1000) * 14))) as unsigned) AS `ballInput`,(select sum(`p`.`ballOutput`) from `piainfo` `p` where ((`v`.`playDate` >= `p`.`playDate`) and (`p`.`taiNo` = `v`.`taiNo`))) AS `totalOut`,ifnull((select sum(`p`.`ballOutput`) from `piainfo` `p` where ((`v`.`playDate` > `p`.`playDate`) and (`p`.`taiNo` = `v`.`taiNo`))),0) AS `totalOutBefore`,format(if((`v`.`rate` = 0),0,(10000 / `v`.`rate`)),0) AS `rateN`,(`v`.`bonusCount` * 10) AS `bonusCountN`,cast((`v`.`ballOutput` / 100) as signed) AS `ballOutputN`,substr(`v`.`playDate`,5) AS `playDateN`,cast(((select sum(`p`.`ballOutput`) from `piainfo` `p` where ((`v`.`playDate` >= `p`.`playDate`) and (`p`.`taiNo` = `v`.`taiNo`))) / 100) as signed) AS `totalOutN` from `piainfo` `v` group by `v`.`taiNo`,`v`.`playDate` */;
/*!50001 SET character_set_client      = @saved_cs_client */;
/*!50001 SET character_set_results     = @saved_cs_results */;
/*!50001 SET collation_connection      = @saved_col_connection */;

--
-- Final view structure for view `v_satama_by_d_t_now`
--

/*!50001 DROP VIEW IF EXISTS `v_satama_by_d_t_now`*/;
/*!50001 SET @saved_cs_client          = @@character_set_client */;
/*!50001 SET @saved_cs_results         = @@character_set_results */;
/*!50001 SET @saved_col_connection     = @@collation_connection */;
/*!50001 SET character_set_client      = utf8 */;
/*!50001 SET character_set_results     = utf8 */;
/*!50001 SET collation_connection      = utf8_general_ci */;
/*!50001 CREATE ALGORITHM=UNDEFINED */
/*!50013 DEFINER=`root`@`localhost` SQL SECURITY DEFINER */
/*!50001 VIEW `v_satama_by_d_t_now` AS select `v`.`playDate` AS `playDate`,`v`.`taiNo` AS `taiNo`,`v`.`bonusCount` AS `bonusCount`,`v`.`rate` AS `rate`,`v`.`ballOutput` AS `ballOutput`,cast(if((`v`.`rate` <> 0),(`v`.`bonusCount` * `v`.`rate`),abs((((`v`.`ballOutput` * 4) / 1000) * 14))) as unsigned) AS `ballInput`,(select sum(`p`.`ballOutput`) from `piainfo` `p` where ((`v`.`playDate` >= `p`.`playDate`) and (`p`.`taiNo` = `v`.`taiNo`) and (`p`.`month` = month(now())))) AS `totalOut`,ifnull((select sum(`p`.`ballOutput`) from `piainfo` `p` where ((`v`.`playDate` > `p`.`playDate`) and (`p`.`taiNo` = `v`.`taiNo`) and (`p`.`month` = month(now())))),0) AS `totalOutBefore`,format(if((`v`.`rate` = 0),0,(10000 / `v`.`rate`)),0) AS `rateN`,(`v`.`bonusCount` * 10) AS `bonusCountN`,cast((`v`.`ballOutput` / 100) as signed) AS `ballOutputN`,substr(`v`.`playDate`,5) AS `playDateN`,cast(((select sum(`p`.`ballOutput`) from `piainfo` `p` where ((`v`.`playDate` >= `p`.`playDate`) and (`p`.`taiNo` = `v`.`taiNo`) and (`p`.`month` = month(now())))) / 100) as signed) AS `totalOutN` from `piainfo` `v` where (`v`.`month` = month(now())) group by `v`.`taiNo`,`v`.`playDate` */;
/*!50001 SET character_set_client      = @saved_cs_client */;
/*!50001 SET character_set_results     = @saved_cs_results */;
/*!50001 SET collation_connection      = @saved_col_connection */;

--
-- Final view structure for view `v_satama_by_taino`
--

/*!50001 DROP VIEW IF EXISTS `v_satama_by_taino`*/;
/*!50001 SET @saved_cs_client          = @@character_set_client */;
/*!50001 SET @saved_cs_results         = @@character_set_results */;
/*!50001 SET @saved_col_connection     = @@collation_connection */;
/*!50001 SET character_set_client      = utf8 */;
/*!50001 SET character_set_results     = utf8 */;
/*!50001 SET collation_connection      = utf8_general_ci */;
/*!50001 CREATE ALGORITHM=UNDEFINED */
/*!50013 DEFINER=`root`@`localhost` SQL SECURITY DEFINER */
/*!50001 VIEW `v_satama_by_taino` AS select `piainfo`.`taiNo` AS `taiNo`,sum(if((`piainfo`.`ballOutput` >= 0),`piainfo`.`ballOutput`,0)) AS `addball`,sum(if((`piainfo`.`ballOutput` < 0),`piainfo`.`ballOutput`,0)) AS `unaddball`,sum(`piainfo`.`ballOutput`) AS `totalout`,format((abs((sum(if((`piainfo`.`ballOutput` >= 0),`piainfo`.`ballOutput`,0)) / sum(if((`piainfo`.`ballOutput` < 0),`piainfo`.`ballOutput`,0)))) * 100),0) AS `rateball`,sum(if((`piainfo`.`ballOutput` >= 0),1,0)) AS `addtime`,sum(if((`piainfo`.`ballOutput` < 0),1,0)) AS `unaddtime`,format(((sum(if((`piainfo`.`ballOutput` >= 0),1,0)) / count(`piainfo`.`taiNo`)) * 100),0) AS `ratetime` from `piainfo` where (`piainfo`.`taiNo` between 557 and 584) group by `piainfo`.`taiNo` order by `totalout` desc */;
/*!50001 SET character_set_client      = @saved_cs_client */;
/*!50001 SET character_set_results     = @saved_cs_results */;
/*!50001 SET collation_connection      = @saved_col_connection */;

--
-- Final view structure for view `v_satama_by_taino_now`
--

/*!50001 DROP VIEW IF EXISTS `v_satama_by_taino_now`*/;
/*!50001 SET @saved_cs_client          = @@character_set_client */;
/*!50001 SET @saved_cs_results         = @@character_set_results */;
/*!50001 SET @saved_col_connection     = @@collation_connection */;
/*!50001 SET character_set_client      = utf8 */;
/*!50001 SET character_set_results     = utf8 */;
/*!50001 SET collation_connection      = utf8_general_ci */;
/*!50001 CREATE ALGORITHM=UNDEFINED */
/*!50013 DEFINER=`root`@`localhost` SQL SECURITY DEFINER */
/*!50001 VIEW `v_satama_by_taino_now` AS select `piainfo`.`taiNo` AS `taiNo`,sum(if((`piainfo`.`ballOutput` >= 0),`piainfo`.`ballOutput`,0)) AS `addball`,sum(if((`piainfo`.`ballOutput` < 0),`piainfo`.`ballOutput`,0)) AS `unaddball`,sum(`piainfo`.`ballOutput`) AS `totalout`,format((abs((sum(if((`piainfo`.`ballOutput` >= 0),`piainfo`.`ballOutput`,0)) / sum(if((`piainfo`.`ballOutput` < 0),`piainfo`.`ballOutput`,0)))) * 100),0) AS `rateball`,sum(if((`piainfo`.`ballOutput` >= 0),1,0)) AS `addtime`,sum(if((`piainfo`.`ballOutput` < 0),1,0)) AS `unaddtime`,format(((sum(if((`piainfo`.`ballOutput` >= 0),1,0)) / count(`piainfo`.`taiNo`)) * 100),0) AS `ratetime` from `piainfo` where ((`piainfo`.`month` = month(now())) and (`piainfo`.`taiNo` between 557 and 584)) group by `piainfo`.`taiNo` order by `totalout` desc */;
/*!50001 SET character_set_client      = @saved_cs_client */;
/*!50001 SET character_set_results     = @saved_cs_results */;
/*!50001 SET collation_connection      = @saved_col_connection */;
/*!40103 SET TIME_ZONE=@OLD_TIME_ZONE */;

/*!40101 SET SQL_MODE=@OLD_SQL_MODE */;
/*!40014 SET FOREIGN_KEY_CHECKS=@OLD_FOREIGN_KEY_CHECKS */;
/*!40014 SET UNIQUE_CHECKS=@OLD_UNIQUE_CHECKS */;
/*!40101 SET CHARACTER_SET_CLIENT=@OLD_CHARACTER_SET_CLIENT */;
/*!40101 SET CHARACTER_SET_RESULTS=@OLD_CHARACTER_SET_RESULTS */;
/*!40101 SET COLLATION_CONNECTION=@OLD_COLLATION_CONNECTION */;
/*!40111 SET SQL_NOTES=@OLD_SQL_NOTES */;

-- Dump completed on 2016-10-19 13:38:23
